time (UTC),Avg_Chloro,Nitrate,Phosphate,Silicate,Nitrite,SURF_TEMP_C,BOT_TEMP_C,SURF_SAL_PSU,BOT_SAL_PSU,SURF_DENS_kgm3,BOT_DENS_kgm3,AVG_TEMP_C,AVG_SAL_PSU,AVG_DENS_kgm3
,1.82,0.43,0.24,5.6,0.03,20.3,15.9,33.77,33.62,1023.6380936312238,1024.6206546600047,18.1,33.695,1024.1293741456143
,2.71,0.83,0.37,5.1,0.04,17.8,16.9,33.66,33.62,1024.1863790557982,1024.3917188625228,17.35,33.64,1024.2890489591605
,0.99,0.45,0.24,3.5,0.0,22.2,18.3,33.74,33.58,1023.1005571235871,1024.0260395736384,20.25,33.66,1023.5632983486128
,1.23,0.34,0.17,4.2,0.0,19.8,19.4,33.68,33.62,1023.7010878034623,1023.780535455282,9.9,33.65,1023.7408116293722
,2.41,0.29,0.12,3.8,0.0,22.5,22.5,33.73,33.69,1023.0090669509416,1023.0007246978224,11.25,33.709999999999994,1023.004895824382
,1.9,0.34,0.15,3.6,0.0,23.1,22.9,33.68,33.65,1022.8016194807474,1022.8577787180267,11.55,33.665,1022.829699099387
,1.8,0.32,0.27,2.6,0.0,20.2,16.6,33.55,33.41,1023.4994134505735,1024.302249495375,18.4,33.48,1023.9008314729742
,1.82,0.0,0.19,2.6,0.0,22.4,18.5,33.57,33.39,1022.9179134050322,1023.8335730586106,20.45,33.480000000000004,1023.3757432318214
,1.72,0.19,0.27,3.4,0.01,21.3,20.0,33.55,33.48,1023.206225858089,1023.5207698044492,10.65,33.515,1023.3634978312691
,1.35,0.26,0.21,3.2,0.0,22.1,19.0,33.51,33.4,1022.9568527780302,1023.7164755400553,11.05,33.455,1023.3366641590428
,1.66,0.22,0.2,3.7,0.12,22.3,20.0,33.5,33.4,1022.8937094586296,1023.4607563662182,11.15,33.45,1023.177232912424
,3.88,0.33,0.19,3.1,0.0,19.7,19.6,33.49,33.46,1023.5842613501441,1023.6091312444423,9.85,33.475,1023.5966962972932
,2.14,0.17,0.21,3.4,0.0,19.3,19.2,33.43,33.42,1023.6414942595641,1023.6810548694257,9.65,33.425,1023.6612745644949
,2.48,0.23,0.28,2.9,0.0,18.5,19.45,33.41,33.445,1023.8268598459929,1023.6359903464759,9.75,33.46,1023.6300654424866
,1.31,0.33,0.23,2.7,0.0,19.7,19.7,33.52,33.47,1023.6067868174306,1023.5909258235262,9.85,33.495000000000005,1023.5988563204784
,2.37,0.51,0.41,6.0,0.06,18.3,15.6,33.56,33.32,1023.989170631064,1024.4595957443719,16.95,33.44,1024.2243831877179
,1.74,0.32,0.29,1.8,0.0,17.3,16.0,33.41,33.29,1024.11697644506,1024.3477094380896,16.65,33.349999999999994,1024.2323429415746
,0.91,0.59,0.3,1.9,0.0,18.5,18.1,33.48,33.4,1023.8795991569385,1023.9392446553557,18.3,33.44,1023.9094219061471
,0.84,0.9,0.43,3.3,0.0,18.7,18.7,33.51,33.44,1023.852578433012,1023.8216323833153,18.7,33.474999999999994,1023.8371054081637
,1.18,0.56,0.36,2.8,0.0,17.2,17.2,33.47,33.4,1024.1859549208218,1024.1549059963509,17.2,33.435,1024.1704304585865
,1.26,0.29,0.3,3.0,0.0,17.8,17.6,33.48,33.41,1024.0504837553895,1024.067494989144,17.700000000000003,33.44499999999999,1024.0589893722668
,0.76,0.2,0.31,2.4,0.0,17.4,17.4,33.49,33.44,1024.1537532883553,1024.1378334908266,17.4,33.465,1024.1457933895908
,1.46,0.58,0.38,3.2,0.0,16.8,16.7,33.37,33.35,1024.2038023680147,1024.233735327255,16.75,33.36,1024.218768847635
,1.63,0.43,0.36,2.6,0.0,16.7,16.9,33.45,33.4,1024.287539265197,1024.2251933965545,16.799999999999997,33.425,1024.2563663308756
,1.24,0.25,0.36,3.9,0.04,15.0,15.7,33.43,33.335,1024.6521636383222,1024.4420607387965,15.649999999999999,33.3575,1024.4597370286942
,1.61,1.35,0.44,4.3,0.0,14.5,14.5,33.31,33.27,1024.6672873719874,1024.6589280810388,14.5,33.290000000000006,1024.663107726513
,1.39,2.47,0.53,5.5,0.0,14.0,14.0,33.31,33.26,1024.7714189104536,1024.755423410211,14.0,33.285,1024.7634211603322
,2.63,1.17,0.44,5.1,0.0,13.3,13.4,33.34,33.31,1024.93617251965,1024.9154868930204,13.350000000000001,33.325,1024.9258297063352
,2.55,0.52,0.36,4.2,0.0,14.6,14.6,33.41,33.37,1024.7224031939265,1024.7140396802488,14.6,33.39,1024.7182214370878
,1.69,0.4,0.33,3.1,0.0,15.3,15.2,33.47,33.39,1024.6174978625497,1024.6004986573384,15.25,33.43,1024.6089982599442
,1.39,0.84,0.38,3.5,0.0,14.5,15.05,33.41,33.405,1024.7435357920021,1024.6443272790557,15.075,33.432500000000005,1024.6487645607042
,1.67,0.68,0.36,4.0,0.0,14.9,14.9,33.45,33.42,1024.6889058221557,1024.688155900773,14.9,33.435,1024.6885308614642
,1.22,0.4,0.3,3.6,0.0,14.4,14.850000000000001,33.11,33.370000000000005,1024.535762599213,1024.660781294612,14.875,33.38,1024.6519971835062
,2.3,1.43,0.42,4.6,0.0,13.8,14.850000000000001,33.36,33.370000000000005,1024.850616047623,1024.660781294612,14.875,33.38,1024.6519971835062
,1.91,0.46,0.29,4.5,0.0,14.9,14.8,33.33,33.32,1024.5975203226453,1024.633406688451,14.850000000000001,33.325,1024.6154635055482
,2.43,0.38,0.22,3.9,0.0,16.0,14.65,33.32,33.35,1024.3484782003363,1024.6881017177575,14.75,33.362500000000004,1024.6652996479552
,4.98,0.22,0.21,3.8,0.0,14.8,14.5,33.42,33.38,1024.6874748336609,1024.742796747064,14.65,33.400000000000006,1024.7151357903624
,5.23,0.0,0.2,4.3,0.0,14.9,14.9,33.45,33.43,1024.6889058221557,1024.6957710489723,14.9,33.44,1024.6923384355641
,6.26,1.4,0.4,5.9,0.0,14.3,14.3,33.46,33.42,1024.8236675529427,1024.8153018504452,14.3,33.44,1024.819484701694
,3.24,0.75,0.32,6.3,0.0,14.6,14.7,33.49,33.49,1024.7833840965106,1024.7842516985072,14.649999999999999,33.49,1024.783817897509
,1.77,0.11,0.26,6.0,0.0,16.1,15.5,33.58,33.54,1024.523260477595,1024.6488714667032,15.8,33.56,1024.586065972149
,1.99,1.57,0.4,7.6,0.0,16.1,15.8,33.57,33.52,1024.5156725354386,1024.5671044323199,15.950000000000001,33.545,1024.5413884838792
,1.82,0.0,0.11,0.0,0.0,16.8,14.4,33.65,33.62,1024.4158168327656,1024.94688713256,15.600000000000001,33.635,1024.6813519826628
,1.66,2.92,0.49,6.2,0.0,16.4,16.0,33.59,33.56,1024.462620488768,1024.5526296400826,16.2,33.575,1024.5076250644252
,3.81,0.19,0.17,1.1,0.0,18.5,18.5,33.65,33.59,1024.007683792582,1023.9842513826428,18.5,33.620000000000005,1023.9959675876123
,4.45,0.3,0.13,0.0,0.0,18.5,18.4,33.67,33.63,1024.0227528953255,1024.039103478017,18.45,33.650000000000006,1024.0309281866712
,2.87,0.28,0.12,0.0,0.0,19.0,18.6,33.7,33.64,1023.9204416938744,1023.9971172166711,18.8,33.67,1023.9587794552727
,1.06,0.36,0.15,1.5,0.0,19.6,19.6,33.7,33.65,1023.7676994892371,1023.7518280880387,9.8,33.675,1023.7597637886379
,1.86,0.54,0.17,2.4,0.0,18.5,18.6,33.69,33.66,1024.0378220659713,1024.0121812456448,18.55,33.675,1024.025001655808
,1.8,1.36,0.28,6.2,0.0,18.0,14.1,33.71,33.64,1024.175641911112,1025.0248850471212,16.05,33.675,1024.6002634791166
,0.9,0.37,0.28,6.3,0.0,19.4,19.3,33.7,33.66,1023.8189564803719,1023.8360941490394,9.7,33.68,1023.8275253147056
,1.25,0.34,0.24,5.4,0.0,20.0,20.0,33.73,33.67,1023.6866702871575,1023.6633062372563,10.0,33.7,1023.6749882622069
,1.88,0.32,0.28,4.2,0.0,20.5,20.6,33.69,33.66,1023.5253445773608,1023.4979637947554,10.25,33.675,1023.5116541860581
,3.24,0.71,0.32,4.7,0.0,18.2,13.6,33.54,33.52,1023.9986062851614,1025.0358089353742,15.899999999999999,33.53,1024.5172076102679
,2.41,0.17,0.26,0.0,0.0,19.6,17.2,33.56,33.48,1023.662547819277,1024.2154059956933,18.4,33.519999999999996,1023.9389769074852
,2.41,0.1,0.21,0.0,0.0,20.8,19.6,33.53,33.47,1023.3257770393951,1023.616641447733,10.4,33.5,1023.4712092435641
,1.03,0.29,0.17,0.0,0.0,24.1,24.3,33.72,33.66,1022.5412317111491,1022.4590963895266,12.05,33.69,1022.5001640503378
,0.92,0.33,0.24,0.0,0.0,23.4,23.2,33.77,33.68,1022.7823342134242,1022.7943840447514,11.7,33.725,1022.7883591290878
,0.69,0.51,0.24,1.2,0.0,22.2,19.2,33.68,33.48,1023.0558149874525,1023.7261672165347,11.1,33.58,1023.3909911019937
,0.93,0.33,0.28,1.2,0.0,22.5,18.4,33.71,33.45,1022.9941649841413,1023.9034522642722,20.45,33.58,1023.4488086242068
,1.07,0.34,0.22,1.4,0.0,22.3,22.0,33.65,33.62,1023.0055306779626,1023.0881438695528,11.15,33.635,1023.0468372737578
,0.91,0.12,0.21,1.2,0.0,23.1,22.9,33.61,33.59,1022.7495477268345,1022.8131240884047,11.55,33.6,1022.7813359076197
,1.01,0.0,0.23,0.0,0.0,24.1,21.2,33.75,33.52,1022.5634894224312,1023.2324286028187,12.05,33.635000000000005,1022.8979590126249
,0.57,0.0,0.23,0.0,0.0,21.9,21.8,33.66,33.58,1023.1241576564787,1023.1135426541476,10.95,33.62,1023.1188501553131
,1.0,0.0,0.23,1.2,0.0,22.4,22.3,33.63,33.58,1022.9626300532956,1022.974826685555,11.2,33.605000000000004,1022.9687283694252
,0.75,0.49,0.27,2.0,0.0,20.5,18.5,33.52,33.37,1023.3979838773346,1023.8185055980729,19.5,33.445,1023.6082447377037
,0.78,0.31,0.34,1.6,0.0,19.7,19.3,33.62,33.54,1023.6818728445928,1023.7458920600841,9.85,33.58,1023.7138824523385
,0.95,0.45,0.37,2.7,0.0,18.5,18.2,33.48,33.4,1023.8795991569385,1023.9148414197663,18.35,33.44,1023.8972202883524
,1.15,0.62,0.33,2.3,0.0,19.5,19.5,33.52,33.46,1023.6581380053873,1023.6347593398749,9.75,33.49,1023.6464486726311
,1.07,0.65,0.35,2.1,0.0,19.6,18.4,33.5,33.39,1023.6174838648685,1023.8582364077635,19.0,33.445,1023.7378601363159
,1.23,0.76,0.39,2.9,0.0,16.8,15.5,33.38,33.28,1024.2113740955767,1024.4512419351415,16.15,33.33,1024.3313080153591
,0.78,0.65,0.36,2.3,0.0,17.5,17.5,33.43,33.39,1024.0846189853225,1024.0762600702822,17.5,33.41,1024.0804395278024
,1.09,0.75,0.37,2.3,0.0,17.5,17.4,33.5,33.45,1024.1375124436308,1024.1453915381358,17.45,33.475,1024.1414519908833
,1.51,0.9,0.37,2.6,0.0,17.2,17.2,33.49,33.44,1024.2010807568383,1024.1851558656242,17.2,33.465,1024.1931183112313
,0.97,1.13,0.41,2.6,0.0,16.6,16.7,33.48,33.43,1024.3333410303717,1024.2943245546235,16.65,33.455,1024.3138327924976
,1.96,1.19,0.46,3.5,0.0,15.6,15.6,33.34,33.39,1024.4527580768279,1024.5127868964053,15.6,33.365,1024.4827724866166
,0.83,0.96,0.47,3.2,0.0,15.5,15.5,33.37,33.33,1024.4976078679979,1024.4892468008502,15.5,33.349999999999994,1024.493427334424
,1.16,0.75,0.42,3.5,0.0,15.7,15.6,33.39,33.34,1024.4686045571384,1024.4747931387378,15.649999999999999,33.365,1024.4716988479381
,1.73,1.07,0.44,3.3,0.0,15.4,15.4,33.44,33.4,1024.5727948971019,1024.5644307448804,15.4,33.42,1024.5686128209911
,1.75,1.27,0.46,3.9,0.0,15.2,15.0,33.45,33.39,1024.6240796414445,1024.6437995065862,15.1,33.42,1024.6339395740154
,0.8,0.75,0.41,3.3,0.0,15.7,15.7,33.46,33.41,1024.5217828233506,1024.5058217199105,15.7,33.435,1024.5138022716305
,0.88,0.54,0.31,3.2,0.0,15.3,15.3,33.42,33.39,1024.5794668899982,1024.5787092079026,15.3,33.405,1024.5790880489503
,0.84,0.76,0.37,3.7,0.0,15.1,15.1,33.35,33.32,1024.5696733378686,1024.5689229769662,15.1,33.335,1024.5692981574175
,2.21,0.43,0.29,3.5,0.0,15.4,15.4,33.36,33.33,1024.511964492923,1024.511207047001,15.4,33.345,1024.511585769962
,1.2,0.7,0.33,3.4,0.0,15.850000000000001,15.75,33.364999999999995,33.335,1024.4152936716282,1024.4371755834634,15.8,33.35,1024.426234627546
,1.54,0.0,0.25,3.3,0.0,16.3,16.1,33.37,33.34,1024.3186228503334,1024.3631441199257,16.200000000000003,33.355000000000004,1024.3408834851296
,0.95,0.0,0.27,2.9,0.0,15.6,15.6,33.16,33.15,1024.3159772762474,1024.330420395555,15.6,33.155,1024.3231988359012
,2.92,0.39,0.27,3.3,0.0,16.1,16.1,33.32,33.29,1024.3259791175226,1024.325208250909,16.1,33.305,1024.3255936842158
,1.24,0.25,0.24,2.8,0.0,15.4,15.55,33.33,33.295,1024.489153346132,1024.4502468092815,15.575000000000001,33.3125,1024.4471338421913
,8.36,2.21,0.37,6.2,0.0,15.1,15.0,33.34,33.3,1024.5620626326795,1024.5752853676536,15.05,33.32,1024.5686740001665
,2.12,0.25,0.16,0.0,0.0,16.1,15.9,33.44,33.39,1024.4170307267261,1024.4460373406223,16.0,33.415,1024.4315340336743
,2.08,0.0,0.16,0.0,0.0,16.7,16.5,33.52,33.46,1024.3405583932847,1024.3631229116797,16.6,33.49,1024.3518406524822
,3.17,0.34,0.24,3.1,0.0,16.1,16.1,33.39,33.36,1024.379092280314,1024.378318577798,16.1,33.375,1024.378705429056
,2.26,0.21,0.24,2.9,0.0,16.0,16.0,33.46,33.4,1024.454737364069,1024.4311940615041,16.0,33.43,1024.4429657127866
,2.39,0.35,0.31,3.1,0.0,17.4,17.2,33.47,33.43,1024.5724835335095,1024.1775933738652,17.299999999999997,33.447500000000005,1024.5717906298996
,20.46,0.56,0.37,8.1,0.0,15.0,14.9,33.48,33.45,1024.6902297029503,1024.7110013910751,14.95,33.465,1024.7006155470126
,20.46,0.24,0.18,1.4,0.0,15.9,15.8,33.5,33.48,1024.5075468035734,1024.5367270379843,15.850000000000001,33.489999999999995,1024.5221369207788
,9.53,0.2,0.2,1.9,0.0,16.1,16.1,33.54,33.5,1024.4929088039366,1024.4845415499185,16.1,33.519999999999996,1024.4887251769276
,18.26,0.0,0.18,2.0,0.0,16.8,16.7,33.56,33.52,1024.3476679462797,1024.3624886644639,16.75,33.540000000000006,1024.3550783053718
,11.08,0.68,0.29,4.9,0.0,16.9,16.7,33.61,33.57,1024.3622397628542,1024.4003581775783,16.799999999999997,33.59,1024.3812989702162
,4.11,0.0,0.21,4.4,0.0,17.3,17.3,33.55,33.51,1024.2228260359132,1024.2144614569922,17.3,33.53,1024.2186437464527
,18.91,0.0,0.15,4.0,0.0,18.9,18.9,33.63,33.6,1023.8929165272943,1023.892080407464,18.9,33.615,1023.8924984673793
,5.37,0.2,0.18,3.6,0.0,19.4,19.1,33.65,33.6,1023.7813805997911,1023.8417088038343,9.7,33.625,1023.8115447018126
,1.56,0.29,0.15,3.2,0.0,20.2,20.4,33.68,33.64,1023.5968889394825,1023.5359268826621,10.1,33.66,1023.5664079110722
,4.38,0.24,0.0,1.4,0.0,20.1,20.1,33.72,33.67,1023.6530671692154,1023.637208339475,10.05,33.695,1023.6451377543452
,3.37,0.0,0.11,0.0,0.0,19.1,19.0,33.64,33.6,1023.8500697939852,1023.8669377330713,9.55,33.620000000000005,1023.8585037635282
,2.01,1.55,0.38,5.5,0.0,18.1,16.8,33.57,33.56,1024.0456611745335,1024.369588037779,17.450000000000003,33.565,1024.2076246061563
,2.9,0.92,0.31,6.1,0.0,18.2,16.5,33.54,33.5,1023.9986062851614,1024.3934362086345,17.35,33.519999999999996,1024.196021246898
,1.64,0.29,0.19,1.5,0.0,19.4,16.5,33.57,33.5,1023.7212600945047,1024.3934362086345,17.95,33.535,1024.0573481515696
,1.75,0.22,0.21,3.5,0.0,19.4,19.2,33.56,33.52,1023.7137451094709,1023.7562424592506,9.7,33.540000000000006,1023.7349937843608
,2.22,0.0,0.16,2.6,0.0,19.8,17.0,33.58,33.47,1023.6260219426819,1024.254822534032,18.4,33.525,1023.9404222383569
,4.14,1.81,0.35,6.0,0.0,16.9,16.0,33.52,33.47,1024.2941117199928,1024.4843216307822,16.45,33.495000000000005,1024.3892166753876
,1.77,0.14,0.27,4.4,0.02,18.9,18.8,33.49,33.45,1023.7875565351865,1023.804224645371,18.85,33.47,1023.7958905902788
,0.92,0.23,0.24,2.2,0.0,18.299999999999997,18.1,33.57,33.52,1023.9612578545245,1023.9974824058987,18.2,33.545,1023.9793701302117
,3.03,0.33,0.22,2.1,0.0,17.7,17.4,33.56,33.51,1024.1349591738626,1024.1907401664264,17.549999999999997,33.535,1024.1628496701446
,1.61,0.55,0.38,4.9,0.0,17.4,17.0,33.58,33.53,1024.2217802111138,1024.3002249939227,17.2,33.555,1024.2610026025181
,4.67,1.58,0.38,5.9,0.0,17.6,17.6,33.58,33.53,1024.1740573302727,1024.1581387447939,17.6,33.555,1024.1660980375332
,2.37,0.45,0.28,5.2,0.0,17.4,16.6,33.55,33.51,1024.1991044223905,1024.378009762317,17.0,33.53,1024.2885570923538
,16.77,0.26,0.16,2.8,0.0,20.2,17.85,33.52,33.495,1023.4769195322464,1024.0647331222128,13.425,33.51,1023.9800851221476
,7.5,0.39,0.22,3.0,0.0,19.7,19.1,33.5,33.48,1023.5917698217739,1023.7514564821087,9.85,33.489999999999995,1023.6716131519413
,4.75,0.22,0.15,2.5,0.0,19.0,19.0,33.56,33.52,1023.815110203575,1023.8067520325335,9.5,33.540000000000006,1023.8109311180542
,3.01,0.33,0.18,3.7,0.0,19.0,19.0,33.34,33.33,1023.6495960846368,1023.6638153912613,9.5,33.335,1023.6567057379491
,2.78,0.0,0.15,1.9,0.0,18.3,17.1,33.47,33.4,1023.9213226314415,1024.1784245469382,17.700000000000003,33.435,1024.04987358919
,1.7,0.33,0.15,1.7,0.0,17.55,18.4,33.515,33.48,1024.1344952888605,1023.926060420049,17.275000000000002,33.480000000000004,1024.185182907193
,1.58,0.73,0.42,3.5,0.0,16.8,16.9,33.56,33.49,1024.3476679462797,1024.293316504112,16.85,33.525000000000006,1024.3204922251957
,1.31,0.93,0.43,5.2,0.0,16.0,16.1,33.21,33.15,1024.264991016311,1024.218989909331,16.05,33.18,1024.241990462821
,10.13,0.55,0.49,6.4,0.0,13.6,13.7,33.47,33.41,1024.9753594345702,1024.931411058557,13.649999999999999,33.44,1024.9533852465636
,5.59,0.4,0.32,2.9,0.0,14.3,14.0,33.47,33.44,1024.831297296925,1024.8928779000998,14.15,33.455,1024.8620875985125
,10.76,0.32,0.28,2.8,0.0,14.1,14.1,33.46,33.42,1024.8652974964916,1024.8569318064622,14.1,33.44,1024.8611146514768
,3.1,0.0,0.27,1.9,0.0,15.4,15.3,33.29,33.3,1024.4587386996736,1024.510258097105,15.350000000000001,33.295,1024.4844983983894
,7.12,0.21,0.37,2.5,0.0,15.0,15.0,33.17,33.15,1024.4542262483037,1024.4610978771357,15.0,33.16,1024.4576620627197
,1.43,1.4,0.49,4.1,0.0,14.3,14.2,33.14,33.11,1024.5795236273464,1024.5995888052157,14.25,33.125,1024.589556216281
,3.54,1.04,0.37,3.6,0.0,14.2,14.3,33.24,33.2,1024.6766267956068,1024.6474606320348,14.25,33.22,1024.6620437138208
,4.98,1.26,0.29,4.3,0.0,14.9,14.8,33.25,33.2,1024.536597872239,1024.541999722932,14.850000000000001,33.225,1024.5392987975856
,3.01,0.86,0.3,2.6,0.0,14.4,14.4,33.34,33.3,1024.7111838337185,1024.7028232492073,14.4,33.32,1024.7070035414629
,5.05,0.0,0.21,1.1,0.0,14.6,14.6,33.3,33.28,1024.6385560287695,1024.6454411440689,14.6,33.29,1024.641998586419
,4.04,0.34,0.19,0.0,0.0,14.4,14.4,33.36,33.32,1024.7264382277174,1024.7180767919954,14.4,33.34,1024.7222575098563
,2.81,0.26,0.22,1.1,0.0,14.9,14.9,33.38,33.33,1024.6355973478626,1024.6196202519284,14.9,33.355000000000004,1024.6276087998954
,2.28,0.0,0.19,0.0,0.0,14.5,14.3,33.34,33.29,1024.6901617402946,1024.7161220761377,14.4,33.315,1024.7031419082161
,1.39,0.33,0.25,2.1,0.0,14.0,14.0,33.23,33.19,1024.7103260309793,1024.701970179185,14.0,33.209999999999994,1024.7061481050823
,4.06,2.13,0.43,4.5,0.0,14.2,15.0,33.02,33.205,1024.5087310263316,1024.498277013808,15.025,33.22,1024.4930398407996
,3.98,0.55,0.21,1.9,0.0,16.1,16.0,33.24,33.22,1024.2652793046022,1024.2945838484313,16.05,33.230000000000004,1024.279931576517
,2.79,2.56,0.45,3.1,0.0,13.5,13.4,33.37,33.35,1024.9190703429288,1024.946090011963,13.45,33.36,1024.9325801774457
,4.51,1.38,0.31,4.0,0.0,14.9,14.5,33.22,33.24,1024.5137522036844,1024.6360551235782,14.7,33.230000000000004,1024.5749036636312
,1.35,0.29,0.28,3.4,0.0,16.3,13.3,33.33,33.46,1024.2882907697385,1025.050264927081,14.8,33.394999999999996,1024.6692778484098
,2.19,1.44,0.35,6.1,0.0,15.9,14.7,33.38,33.39,1024.4164390364149,1024.7080529587545,15.3,33.385000000000005,1024.5622459975848
,1.39,0.34,0.24,3.5,0.0,16.8,16.8,33.38,33.35,1024.2113740955767,1024.2105865005522,16.8,33.365,1024.2109802980644
,1.34,1.49,0.31,5.9,0.0,17.3,17.3,33.45,33.42,1024.1472188582657,1024.1464186842918,17.3,33.435,1024.1468187712787
,2.25,0.7,0.31,3.0,0.0,17.9,17.1,33.57,33.47,1024.0942621757401,1024.2313776510996,17.5,33.519999999999996,1024.1628199134198
,3.66,0.0,0.21,2.0,0.0,15.8,15.6,33.6,33.54,1024.6058524079745,1024.6267705025107,15.7,33.57,1024.6163114552426
,1.45,0.33,0.24,3.8,0.0,17.3,17.2,33.62,33.56,1024.2757520346547,1024.275907039118,17.25,33.59,1024.2758295368862
,1.82,0.63,0.29,5.3,0.0,17.6,17.5,33.47,33.47,1024.090962360432,1024.13670646414,17.55,33.47,1024.113834412286
,2.79,0.0,0.14,3.8,0.0,18.3,18.3,33.56,33.51,1023.989170631064,1023.9732709900139,18.3,33.535,1023.981220810539
,2.58,0.2,0.33,0.0,0.0,17.6,16.1,33.59,33.57,1024.181611517545,1024.5376541975259,16.85,33.58,1024.3596328575354
,2.15,0.0,0.19,3.3,0.0,17.0,16.9,33.61,33.55,1024.3388616257787,1024.338732637022,16.95,33.58,1024.3387971314005
,1.76,0.0,0.15,3.7,0.0,19.3,19.2,33.63,33.57,1023.7918355274312,1023.7938369007736,9.65,33.6,1023.7928362141024
,2.98,0.09,0.21,0.0,0.0,18.7,15.5,33.62,33.56,1023.9354089555841,1024.6640741729257,17.1,33.59,1024.2997415642549
,2.29,0.37,0.19,3.7,0.0,20.9,19.2,33.66,33.59,1023.3963283652633,1023.8088747982248,10.45,33.625,1023.602601581744
,1.72,0.26,0.22,3.5,0.0,20.5,20.4,33.63,33.58,1023.4803931525489,1023.4909654717419,10.25,33.605000000000004,1023.4856793121454
,1.95,0.25,0.19,2.5,0.0,20.6,15.7,33.68,33.44,1023.491338994363,1024.528611326459,18.15,33.56,1024.009975160411
,2.34,0.0,0.14,2.6,0.0,20.9,18.5,33.63,33.5,1023.3738777255975,1023.9164452993562,19.7,33.565,1023.6451615124768
,1.49,0.41,0.28,3.1,0.0,18.7,16.0,33.52,33.41,1023.8601083953877,1024.4387836670378,17.35,33.465,1024.1494460312128
,1.07,0.23,0.24,2.7,0.0,18.4,18.5,33.44,33.4,1023.8741282619012,1023.8411068141988,18.45,33.42,1023.85761753805
,2.41,0.0,0.15,1.3,0.0,20.2,17.3,33.53,33.4,1023.4844174873203,1024.1312982479546,18.75,33.465,1023.8078578676375
,1.0,0.0,0.19,1.8,0.0,20.1,19.6,33.6,33.53,1023.5630635781506,1023.6617030332739,10.05,33.565,1023.6123833057122
,1.36,0.0,0.2,3.3,0.0,22.6,22.2,33.5,33.44,1022.8095716755636,1022.8983448488211,11.3,33.47,1022.8539582621924
,6.67,0.1,0.42,5.8,0.2,15.4,14.4,33.41,33.37,1024.5499833796587,1024.7562109109383,14.9,33.39,1024.6530971452985
,2.18,0.0,0.22,3.6,0.0,18.9,18.0,33.48,33.39,1023.7800309498047,1023.9560154522902,18.45,33.435,1023.8680232010474
,5.38,0.0,0.27,2.8,0.0,19.1,18.5,33.52,33.47,1023.7598125105799,1023.893843576301,18.8,33.495000000000005,1023.8268280434404
,43.91,0.0,0.2,4.8,0.0,19.8,19.6,33.42,33.44,1023.5059202119087,1023.5941108900847,9.9,33.43,1023.5500155509967
,48.13,0.0,0.1,6.7,0.0,19.7,17.1,33.41,33.36,1023.5241942053957,1024.1481659876158,18.4,33.385,1023.8361800965058
,33.77,0.0,0.68,4.1,0.0,18.75,17.55,33.41,33.364999999999995,1023.7609156204286,1024.044546052757,18.15,33.3875,1023.9027308365928
,4.72,0.0,0.0,4.5,0.0,17.8,18.0,33.41,33.37,1023.9976370354615,1023.940926117898,17.9,33.39,1023.9692815766798
,2.08,0.29,0.19,4.4,0.0,17.4,17.5,33.4,33.37,1024.0857276944173,1024.061148636094,17.45,33.385,1024.0734381652555
,3.1,1.56,0.31,4.4,0.0,17.0,16.7,33.4,33.36,1024.1799454158286,1024.2413089245108,16.85,33.379999999999995,1024.2106271701696
,1.66,0.39,0.22,2.3,0.0,16.2,16.0,33.42,33.39,1024.3792422501645,1024.423604471701,16.1,33.405,1024.4014233609328
,0.8,0.45,0.29,2.1,0.0,16.7,15.7,33.36,33.32,1024.2193729714663,1024.4374537420592,16.2,33.34,1024.3284133567627
,0.62,0.21,0.27,1.5,0.0,16.0,16.1,33.19,33.22,1024.2498117319988,1024.2720986951722,16.05,33.205,1024.2609552135855
,1.38,0.48,0.28,2.4,0.0,16.1,16.2,33.36,33.31,1024.356329401719,1024.3177856967593,16.15,33.335,1024.337057549239
,7.48,0.37,0.32,3.5,0.0,14.5,14.6,33.42,33.38,1024.7511607166564,1024.7216618151556,14.55,33.400000000000006,1024.736411265906
,1.62,0.0,0.3,2.0,0.0,14.9,15.2,33.36,33.38,1024.6203664921643,1024.592890587577,15.05,33.370000000000005,1024.6066285398706
,14.77,0.0,0.29,3.7,0.0,14.5,14.5,33.4,33.37,1024.7359108823862,1024.7351722477838,14.5,33.385,1024.735541565085
,11.92,0.0,0.25,3.9,0.0,14.3,14.3,33.42,33.37,1024.7931487266014,1024.7771554847234,14.3,33.394999999999996,1024.7851521056623
,1.77,0.34,0.23,3.3,0.0,14.8,14.4,33.4,33.41,1024.6722391571516,1024.7867184757727,14.600000000000001,33.405,1024.7294788164622
,1.01,0.22,0.24,3.1,0.0,15.0,15.0,33.45,33.4,1024.667390018326,1024.6514122649749,15.0,33.425,1024.6594011416505
,1.26,0.98,0.3,3.3,0.0,14.5,14.4,33.45,33.4,1024.7740355808774,1024.7790915620774,14.45,33.425,1024.7765635714773
,6.27,0.39,0.23,1.3,0.0,14.2,14.2,33.41,33.38,1024.806369353759,1024.8056374061514,14.2,33.394999999999996,1024.8060033799552
,1.0,0.28,0.2,0.0,0.0,14.8,14.5,33.4,33.34,1024.6722391571516,1024.7122988401068,14.65,33.370000000000005,1024.692268998629
,1.61,0.46,0.22,1.1,0.0,14.8,15.0,33.44,33.39,1024.7027105708871,1024.6437995065862,14.9,33.415,1024.6732550387367
,0.75,0.75,0.28,2.7,0.0,15.0,15.1,33.45,33.41,1024.667390018326,1024.6374163370745,15.05,33.43,1024.6524031777003
,1.67,1.55,0.3,4.6,0.0,15.1,14.7,33.41,33.41,1024.6153378902889,1024.7232925855749,14.899999999999999,33.41,1024.6693152379319
,1.79,0.94,0.28,4.9,0.0,14.4,14.4,33.45,33.41,1024.795083742364,1024.7867184757727,14.4,33.43,1024.7909011090683
,1.99,4.36,0.45,7.7,0.0,15.2,15.0,33.49,33.44,1024.6545138908364,1024.681863451257,15.1,33.465,1024.6681886710467
,8.21,1.49,0.31,4.7,0.0,14.0,12.8,33.56,33.54,1024.962340261065,1025.2102198927014,13.4,33.55,1025.0862800768832
,2.78,3.76,0.6,6.3,0.0,13.0,13.0,33.35,33.3,1025.0031838985149,1024.9871633250364,13.0,33.325,1024.9951736117755
,2.41,10.52,1.02,11.6,0.0,13.7,13.7,33.58,33.53,1025.0391504064849,1025.0231359080021,13.7,33.555,1025.0311431572436
,2.6,10.11,0.91,13.2,0.0,13.7,13.2,33.63,33.59,1025.0773719315318,1025.1685807861818,13.899999999999999,33.6075,1025.025492465128
,5.62,0.64,0.32,7.8,0.0,15.5,12.7,33.67,33.65,1024.7256578816643,1025.3140256643612,14.1,33.66,1025.0198417730128
,2.59,2.74,0.44,6.0,0.0,15.7,15.4,33.53,33.5,1024.5749618543537,1024.6404659128552,15.55,33.515,1024.6077138836044
,1.61,2.14,0.38,7.5,0.0,15.3,13.5,33.64,33.67,1024.74680605644,1025.1707614400684,14.4,33.655,1024.958783748254
,1.39,0.33,0.17,0.0,0.0,16.8,16.8,33.6,33.57,1024.377956178614,1024.3771597170164,16.8,33.585,1024.3775579478151
,0.7,0.0,0.24,2.2,0.0,18.1,17.700000000000003,33.62,33.595,1024.0833770718725,1024.1796064863886,17.725,33.6125,1024.1756747020686
,1.66,0.0,0.26,3.2,0.0,18.7,18.6,33.66,33.62,1023.9655296568839,1023.9820532557607,18.65,33.64,1023.9737914563223
,1.45,0.0,0.26,5.1,0.0,18.9,18.8,33.65,33.61,1023.9079682288489,1023.924664278558,18.85,33.629999999999995,1023.9163162537034
,1.14,0.0,0.27,4.1,0.0,18.7,18.5,33.69,33.64,1023.9881203620208,1024.0219220220945,18.6,33.665,1024.0050211920577
,0.57,0.0,0.25,3.6,0.0,19.2,18.8,33.69,33.69,1023.8623514616057,1023.9848857356105,19.0,33.69,1023.9236185986081
,0.95,0.0,0.26,2.8,0.0,18.9,18.9,33.675,33.64,1023.9879507766304,1023.9221822916785,18.9,33.665,1024.0164927713643
,1.04,0.2,0.27,1.1,0.0,18.1,18.1,33.66,33.62,1024.113550091655,1024.1051837965858,18.1,33.64,1024.1093669441204
,0.89,0.05,0.27,1.8,0.04,19.7,19.6,33.69,33.63,1023.7344341050684,1023.7368070709751,9.85,33.66,1023.7356205880218
,0.88,0.3,0.21,0.0,0.0,20.3,19.5,33.7,33.63,1023.5856200418099,1023.7624713768294,10.15,33.665000000000006,1023.6740457093197
,1.61,2.04,0.45,3.1,0.0,14.4,13.9,33.54,33.52,1024.8637304723943,1024.9745725937398,14.15,33.53,1024.9191515330672
,0.7,0.32,0.22,1.5,0.0,20.1,16.5,33.67,33.54,1023.6155653631456,1024.4237497615356,18.3,33.605000000000004,1024.0196575623406
,1.08,0.31,0.21,0.0,0.0,21.0,20.9,33.65,33.61,1023.3620028407352,1023.3804938742039,10.5,33.629999999999995,1023.3712483574695
,1.22,0.0,0.22,1.6,0.0,19.3,18.9,33.63,33.57,1023.7918355274312,1023.8695041742843,19.1,33.6,1023.8306698508577
,1.66,0.29,0.2,1.4,0.0,21.2,21.0,33.67,33.64,1023.3230239454758,1023.3760958899022,10.6,33.655,1023.349559917689
,1.42,0.0,0.22,1.3,0.0,23.3,23.3,33.68,33.62,1022.7442446433847,1022.7210423390071,11.65,33.65,1022.7326434911959
,1.05,0.0,0.2,1.8,0.0,23.2,21.3,33.67,33.55,1022.7655352588421,1023.2277807013106,11.6,33.61,1022.9966579800764
,2.35,0.0,0.31,2.3,0.0,21.7,20.3,33.66,33.53,1023.1792523021459,1023.4798199257535,10.85,33.595,1023.3295361139496
,2.05,0.32,0.33,3.1,0.0,18.1,18.1,33.51,33.46,1024.0004026506626,1023.984499981532,18.1,33.485,1023.9924513160973
,1.0,0.0,0.25,2.9,0.0,21.8,20.1,33.54,33.47,1023.0621666617064,1023.4872123456581,10.9,33.504999999999995,1023.2746895036823
,0.56,0.0,0.3,2.5,0.0,21.4,20.6,33.57,33.49,1023.1940183309148,1023.3706452709499,10.7,33.53,1023.2823318009323
,1.18,0.29,0.32,3.0,0.0,21.0,19.1,33.52,33.46,1023.2647450915911,1023.7364146692997,10.5,33.49,1023.5005798804455
,2.2,0.0,0.29,3.2,0.0,20.9,20.2,33.48,33.46,1023.261626961657,1023.4535744688606,10.45,33.47,1023.3576007152587
,0.96,0.0,0.31,3.3,0.0,20.3,19.5,33.53,33.465,1023.458187811596,1023.6364269147534,14.75,33.485,1023.5627862049954
,1.54,0.0,0.29,3.2,0.0,19.3,18.8,33.53,33.47,1023.7166640288177,1023.8192793606464,19.05,33.5,1023.7679716947321
,1.06,0.0,0.3,3.0,0.0,19.7,19.7,33.54,33.51,1023.6218038829747,1023.6209583066328,9.85,33.525,1023.6213810948038
,1.31,0.0,0.28,3.6,0.0,18.7,18.5,33.6,33.56,1023.9203487072514,1023.9616492024321,18.6,33.58,1023.9409989548417
,1.1,0.26,0.31,3.5,0.0,18.6,18.0,33.59,33.52,1023.9376912021341,1024.0540977506207,18.3,33.55500000000001,1023.9958944763774
,1.91,0.27,0.34,4.1,0.0,16.8,16.5,33.55,33.53,1024.3400959285832,1024.4161713493033,16.65,33.54,1024.3781336389434
,0.91,0.44,0.37,3.8,0.0,17.3,17.0,33.54,33.53,1024.2152652444965,1024.3002249939227,17.15,33.535,1024.2577451192096
,1.02,0.0,0.31,3.0,0.0,16.6,16.8,33.56,33.52,1024.3939528579951,1024.3393014823566,16.700000000000003,33.540000000000006,1024.366627170176
,1.41,0.48,0.37,2.9,0.0,16.35,16.4,33.56,33.52,1024.4510187335536,1024.4307859247438,16.375,33.540000000000006,1024.4409023291487
,1.46,1.18,0.46,4.9,0.0,16.1,16.0,33.56,33.52,1024.5080846091123,1024.5222703671311,16.05,33.540000000000006,1024.5151774881217
,1.38,0.55,0.37,4.4,0.0,15.9,15.9,33.46,33.41,1024.4771772967194,1024.4612211254487,15.9,33.435,1024.469199211084
,1.38,1.45,0.39,4.1,0.0,15.1,15.1,33.58,33.52,1024.7447237850984,1024.7211321291918,15.1,33.55,1024.732927957145
,2.74,0.58,0.26,1.8,0.0,14.5,14.5,33.51,33.47,1024.8197857157807,1024.811417917449,14.5,33.489999999999995,1024.8156018166148
,2.4,2.13,0.39,3.0,0.0,13.7,13.6,33.52,33.495000000000005,1024.9932850622429,1025.0128782507004,13.6,33.515,1025.0170623626548
,2.27,4.4,0.5,5.3,0.0,12.7,12.7,33.56,33.52,1025.2227072334379,1025.2143385839515,12.7,33.540000000000006,1025.2185229086947
,1.52,2.06,0.4,5.0,0.0,13.4,14.0,33.61,33.52,1025.1227830495718,1024.953970324883,13.7,33.565,1025.0383766872274
,2.17,0.83,0.36,4.2,0.0,13.9,14.0,33.3,33.3,1024.784322210767,1024.7859684383607,13.95,33.3,1024.785145324564
,2.22,3.14,0.46,6.2,0.0,14.5,14.4,33.53,33.49,1024.8350358812763,1024.8477343254858,14.45,33.510000000000005,1024.841385103381
,1.67,1.06,0.32,5.3,0.0,13.7,13.6,33.56,33.5,1025.0238618995456,1025.0205165231444,13.649999999999999,33.53,1025.022189211345
,1.22,0.66,0.28,3.5,0.0,14.3,14.3,33.64,33.53,1024.9610052368812,1024.8992251715406,14.3,33.585,1024.9301152042108
,2.33,0.91,0.27,5.9,0.0,13.9,13.7,33.56,33.51,1024.9829424989623,1025.0078482861152,13.8,33.535,1024.9953953925387
,3.24,1.37,0.27,5.8,0.0,14.5,14.3,33.64,33.55,1024.918912870151,1024.9144841519292,14.4,33.595,1024.91669851104
,1.28,1.02,0.3,3.3,0.0,14.5,14.5,33.36,33.3,1024.705411394232,1024.6818011734563,14.5,33.33,1024.693606283844
,1.41,0.84,0.24,1.9,0.0,14.7,14.6,33.58,33.53,1024.8307223318336,1024.835995650043,14.649999999999999,33.555,1024.8333589909385
,1.06,2.78,0.4,4.8,0.0,15.1,15.8,33.58,33.56,1024.7447237850984,1024.597482077523,15.45,33.57,1024.6711029313105
,1.72,1.25,0.29,4.1,0.0,16.5,15.5,33.61,33.57,1024.4548544185257,1024.6716755493655,16.0,33.59,1024.5632649839456
,3.07,5.39,0.59,9.6,0.0,14.6,14.4,33.68,33.63,1024.9282176188206,1024.9545143769217,14.5,33.655,1024.9413659978711
,2.64,0.27,0.37,0.0,0.0,15.8,15.6,33.65,33.62,1024.6438269272182,1024.687563192957,15.7,33.635,1024.6656950600877
,1.08,0.0,0.13,0.0,0.0,17.0,16.8,33.65,33.64,1024.3691321921401,1024.4301619243288,16.9,33.644999999999996,1024.3996470582345
,1.48,0.37,0.2,2.3,0.0,16.9,16.3,33.7,33.65,1024.4303691190903,1024.5529154975836,16.6,33.675,1024.4916423083368
,1.52,0.0,0.23,1.7,0.0,17.4,17.4,33.62,33.65,1024.252014826203,1024.2965559320835,17.4,33.635,1024.2742853791433
,1.64,0.0,0.22,2.1,0.0,19.0,18.9,33.68,33.68,1023.9053941317495,1023.952284450351,18.95,33.68,1023.9288392910503
,0.6,0.0,0.21,4.3,0.0,19.9,19.6,33.72,33.64,1023.7051836371046,1023.7443175707706,9.95,33.68,1023.7247506039375
,0.67,0.0,0.14,1.6,0.0,20.1,19.9,33.74,33.71,1023.6680680156718,1023.7193363509364,10.05,33.725,1023.6937021833041
,0.66,0.0,0.21,2.3,0.0,20.3,19.7,33.78,33.72,1023.6455899295682,1023.7786334347555,10.15,33.75,1023.7121116821619
,0.71,0.0,0.18,3.1,0.0,20.8,20.4,33.760000000000005,33.705,1023.4969230456118,1023.5825970408529,10.4,33.7325,1023.5397600432323
,1.13,0.0,0.13,3.3,0.0,21.3,21.1,33.74,33.69,1023.3482561616553,1023.3865606469502,10.65,33.715,1023.3674084043028
,0.9,0.0,0.13,1.9,0.0,19.5,19.4,33.75,33.71,1023.8309363702158,1023.8481687941849,9.75,33.730000000000004,1023.8395525822003
,0.77,0.0,0.16,2.9,0.0,20.5,20.5,33.7,33.67,1023.5328365440923,1023.5319725443698,10.25,33.685,1023.532404544231
,1.37,0.0,0.14,2.0,0.0,20.9,20.8,33.72,33.7,1023.4412301322247,1023.4746194747187,10.45,33.71,1023.4579248034718
,0.93,0.0,0.13,2.6,0.0,21.8,21.9,33.77,33.72,1023.2338628164651,1023.1904405508358,10.9,33.745000000000005,1023.2121516836505
,1.77,0.0,0.12,3.7,0.0,20.1,20.1,33.71,33.63,1023.6455667725714,1023.6072085749121,10.05,33.67,1023.6263876737418
,2.85,1.6,0.26,5.0,0.0,16.0,14.6,33.6,33.58,1024.5609996141286,1024.8741076841807,15.3,33.59,1024.7175536491545
,1.03,0.0,0.17,2.1,0.0,20.1,19.9,33.65,33.63,1023.6005647646746,1023.6593027682939,10.05,33.64,1023.6299337664842
,1.52,0.0,0.13,1.8,0.0,21.7,19.3,33.71,33.59,1023.2165880380319,1023.7834759606881,10.85,33.650000000000006,1023.50003199936
,1.04,0.0,0.17,2.5,0.0,19.8,19.5,33.64,33.61,1023.6710612484666,1023.747446170275,9.9,33.625,1023.7092537093708
,1.1,0.24,0.24,2.1,0.0,19.700000000000003,18.9,33.595,33.555,1023.6630491825472,1023.8565894292792,14.425,33.575,1023.7598193059133
,3.46,0.35,0.22,0.0,0.0,19.6,18.3,33.55,33.5,1023.6550371166279,1023.9657326882835,18.950000000000003,33.525,1023.8103849024558
,2.39,0.46,0.2,2.2,0.0,20.9,18.7,33.53,33.49,1023.2990434325407,1023.8592800383126,19.799999999999997,33.510000000000005,1023.5791617354266
,1.24,0.42,0.26,1.9,0.0,20.8,20.4,33.56,33.54,1023.3482333694654,1023.460991554082,10.4,33.55,1023.4046124617737
,1.23,0.39,0.28,1.7,0.0,20.3,20.2,33.64,33.61,1023.5406433738765,1023.5660389604633,10.15,33.625,1023.55334116717
,1.9,0.42,0.28,2.1,0.0,21.1,20.7,33.65,33.62,1023.3350775959397,1023.4414133545865,10.55,33.635,1023.3882454752631
,1.22,0.56,0.27,3.1,0.0,19.4,19.0,33.65,33.62,1023.7813805997911,1023.8819843299927,9.7,33.635,1023.8316824648919
,1.05,0.48,0.25,1.3,0.0,19.2,19.1,33.72,33.66,1023.8849099886033,1023.8868358948155,9.6,33.69,1023.8858729417094
,1.49,0.6,0.29,1.7,0.0,18.9,17.8,33.7,33.59,1023.9455977829664,1024.1553632660593,18.35,33.645,1024.0504805245127
,2.19,0.76,0.44,3.3,0.0,16.9,16.7,33.62,33.52,1024.3698096264225,1024.3624886644639,16.799999999999997,33.57,1024.3661491454432
,0.86,0.89,0.33,2.2,0.0,17.6,16.7,33.65,33.535,1024.2269369884798,1024.3738494942404,16.924999999999997,33.567499999999995,1024.3348222065042
,1.87,0.93,0.43,3.6,0.0,17.4,16.7,33.58,33.55,1024.2217802111138,1024.385210324017,17.049999999999997,33.565,1024.3034952675653
,0.94,0.5,0.31,2.1,0.0,17.5,17.2,33.61,33.57,1024.2206323647615,1024.283469743047,17.35,33.59,1024.2520510539043
,1.75,0.54,0.3,2.6,0.0,17.1,16.8,33.59,33.56,1024.3002633292053,1024.369588037779,16.950000000000003,33.575,1024.3349256834922
,1.36,0.62,0.34,2.3,0.0,16.7,16.5,33.61,33.55,1024.408727002426,1024.4313281897778,16.6,33.58,1024.420027596102
,1.33,0.75,0.36,2.2,0.0,15.9,15.9,33.64,33.61,1024.6138420589282,1024.6130624295881,15.9,33.625,1024.613452244258
,4.91,0.47,0.32,1.1,0.0,16.2,16.1,33.64,33.58,1024.5461251445693,1024.5452417819251,16.15,33.61,1024.5456834632473
,1.05,0.3,0.26,1.3,0.0,15.2,15.1,33.62,33.59,1024.7534269027,1024.774406782195,15.149999999999999,33.605000000000004,1024.7639168424475
,0.85,1.51,0.3,3.7,0.0,15.7,16.2,33.67,33.58,1024.6813222153007,1024.5225832365802,15.95,33.625,1024.6019527259405
,0.91,0.0,0.14,2.4,0.0,16.5,15.6,33.6,33.56,1024.4472755382153,1024.6419685814976,16.05,33.58,1024.5446220598565
,1.22,2.16,0.3,3.3,0.0,15.4,15.4,33.56,33.54,1024.6640423594147,1024.670880413508,15.4,33.55,1024.6674613864614
,0.91,0.39,0.25,4.2,0.0,15.6,15.6,33.59,33.54,1024.642739757341,1024.6267705025107,15.6,33.565,1024.634755129926
,0.92,0.0,0.23,2.9,0.0,16.4,16.2,33.65,33.57,1024.5081075353257,1024.5149979364244,16.299999999999997,33.61,1024.511552735875
,1.01,0.35,0.25,3.7,0.0,15.4,15.4,33.62,33.56,1024.709666927344,1024.6860877568254,15.4,33.59,1024.6978773420847
,1.47,1.01,0.36,4.0,0.0,15.7,15.5,33.55,33.52,1024.5901560038449,1024.6336688226681,15.6,33.535,1024.6119124132565
,1.28,0.0,0.12,0.0,0.0,15.6,15.2,33.54,33.49,1024.6047426426526,1024.676580200215,15.399999999999999,33.515,1024.6406614214338
,2.34,0.0,0.12,2.4,0.0,17.2,16.7,33.59,33.51,1024.276710916237,1024.3549148101429,16.95,33.55,1024.3158128631899
,0.95,0.34,0.23,2.4,0.0,16.8,16.8,33.48,33.46,1024.2870922566594,1024.2938721334276,16.8,33.47,1024.2904821950435
,1.32,0.33,0.19,3.4,0.0,18.2,18.1,33.48,33.45,1023.9533612127365,1023.9769573853837,18.15,33.465,1023.9651592990601
,1.37,0.0,0.18,3.2,0.0,17.9,17.8,33.47,33.46,1024.0187876693901,1024.0572221849875,17.85,33.465,1024.038004927189
,1.59,0.0,0.19,3.7,0.0,18.0,18.0,33.53,33.5,1024.0398244030873,1024.039007982782,18.0,33.515,1024.0394161929348
,2.14,0.2,0.19,4.8,0.0,17.0,17.2,33.5,33.47,1024.255618909166,1024.2078434387138,17.1,33.485,1024.2317311739398
,5.19,0.0,0.18,5.6,0.0,15.6,15.4,33.52,33.48,1024.5895439059193,1024.6252587554673,15.5,33.5,1024.6074013306934
,4.14,0.36,0.15,2.1,0.0,15.0,14.7,33.58,33.55,1024.7663629794592,1024.829971669873,14.85,33.565,1024.798167324666
,2.9349999999999996,0.98,0.24,2.1,0.0,17.4,17.3,33.56,33.54,1024.206663002201,1024.2371426757704,17.35,33.55,1024.2219028389857
,1.73,0.57,0.17,2.6,0.0,17.6,13.6,33.58,33.53,1024.1740573302727,1025.0434551634828,15.600000000000001,33.555,1024.6087562468779
,2.2,1.7,0.29,5.5,0.0,17.7,17.3,33.62,33.56,1024.1802710631146,1024.2522635701885,17.5,33.59,1024.2162673166515
,0.57,0.0,0.16,3.0,0.0,18.7,18.3,33.6,33.58,1023.9203487072514,1024.0260395736384,18.5,33.59,1023.9731941404449
,0.7,0.21,0.17,5.1,0.0,19.4,19.2,33.63,33.59,1023.7663503692513,1023.8088747982248,9.7,33.61,1023.7876125837381
,0.74,0.26,0.16,5.4,0.0,20.8,20.7,33.67,33.62,1023.4305746314174,1023.4414133545865,10.4,33.644999999999996,1023.435993993002
,0.92,0.33,0.2,4.7,0.0,21.5,20.9,33.7,33.64,1023.2639027700941,1023.402943394151,10.75,33.67,1023.3334230821225
,1.3,0.0,0.18,6.6,0.0,20.3,20.0,33.6,33.57,1023.5106592843148,1023.5882862687245,10.15,33.585,1023.5494727765197
,1.11,0.0,0.11,3.2,0.0,20.6,20.5,33.59,33.57,1023.4239310579571,1023.4570576055401,10.3,33.58,1023.4404943317486
,0.87,0.73,0.16,1.9,0.0,21.0,20.9,33.68,33.62,1023.3844473707494,1023.387977029471,10.5,33.65,1023.3862122001102
,2.51,0.28,0.0,3.2,0.0,21.3,21.3,33.67,33.63,1023.2959284420874,1023.2875794481034,10.65,33.650000000000006,1023.2917539450955
,0.77,0.27,0.12,2.3,0.0,23.3,18.5,33.7,33.51,1022.7591145010815,1023.9239792408787,20.9,33.605000000000004,1023.3415468709801
,1.92,0.26,0.13,2.0,0.0,22.5,22.1,33.72,33.66,1023.0016159581622,1023.0902267606112,11.25,33.69,1023.0459213593867
,1.8,0.2,0.16,6.0,0.0,22.1,20.5,33.65,33.55,1023.061276090136,1023.4420748321222,11.05,33.599999999999994,1023.251675461129
,1.95,0.29,0.19,3.8,0.0,22.9,21.0,33.47,33.52,1022.7023767520004,1023.2863236556667,11.45,33.495000000000005,1022.9943502038336
,1.31,0.21,0.12,3.2,0.0,23.9,23.2,33.57,33.54,1022.4885513364914,1022.6902739386594,11.95,33.555,1022.5894126375754
,1.13,0.26,0.16,2.2,0.0,22.6,22.1,33.62,33.56,1022.8989557277027,1023.015641448009,11.3,33.59,1022.9572985878558
,1.24,0.29,0.16,2.8,0.0,22.2,20.0,33.55,33.48,1022.9588759911833,1023.5207698044492,11.1,33.515,1023.2398228978162
,0.92,0.0,0.13,1.7,0.0,22.8,22.6,33.64,33.61,1022.85729970516,1022.9129639827659,11.4,33.625,1022.8851318439629
,1.09,0.0,0.16,2.1,0.0,22.8,20.9,33.6,33.53,1022.8275206278464,1023.3206292813477,11.4,33.565,1023.0740749545971
,0.97,0.0,0.17,1.6,0.0,23.5,22.9,33.65,33.58,1022.664256932119,1022.805681716234,11.75,33.614999999999995,1022.7349693241765
,2.03,0.0,0.19,2.1,0.0,21.0,20.4,33.52,33.45,1023.2647450915911,1023.3935512801684,10.5,33.485,1023.3291481858797
,0.96,0.21,0.21,2.1,0.0,23.0,22.0,33.58,33.51,1022.7557786248384,1023.0060786075414,11.5,33.545,1022.88092861619
,0.57,0.28,0.19,2.6,0.0,20.1,19.8,33.51,33.46,1023.4955625559838,1023.5576189962587,10.05,33.485,1023.5265907761213
,0.89,0.26,0.16,1.7,0.0,22.6,21.8,33.69,33.56,1022.951097672276,1023.0986135343371,11.3,33.625,1023.0248556033066
,0.54,0.37,0.23,2.4,0.0,21.5,21.4,33.65,33.57,1023.2265466520055,1023.2155649838991,10.75,33.61,1023.2210558179522
,0.65,0.0,0.19,1.9,0.0,21.5,21.4,33.67,33.6,1023.2414890442737,1023.2379833156162,10.75,33.635000000000005,1023.239736179945
,0.53,0.0,0.22,2.6,0.0,20.8,20.3,33.63,33.55,1023.4006321023569,1023.494811007079,10.4,33.59,1023.4477215547179
,0.63,0.0,0.22,2.3,0.0,20.1,20.2,33.67,33.59,1023.6155653631456,1023.5510434646451,10.05,33.63,1023.5833044138953
,0.75,0.21,0.2,2.5,0.0,19.3,19.0,33.67,33.55,1023.8219046118866,1023.829321541456,9.65,33.61,1023.8256130766713
,0.93,0.0,0.21,2.2,0.0,19.2,19.2,33.63,33.63,1023.8172348747146,1023.8389508004387,9.6,33.63,1023.8280928375766
,0.58,0.52,0.22,2.5,0.0,18.8,18.6,33.6,33.59,1023.8953872002594,1023.9594574419543,18.700000000000003,33.595,1023.9274223211069
,0.42,0.0,0.2,1.5,0.0,18.8,18.8,33.6,33.58,1023.8953872002594,1023.9020815143662,18.8,33.59,1023.8987343573128
,1.68,0.0,0.23,2.5,0.0,18.5,18.3,33.49,33.48,1023.8871334118251,1023.9506561353061,18.4,33.485,1023.9188947735656
,0.85,0.0,0.24,2.2,0.0,17.8,17.7,33.49,33.5,1024.0580333531257,1024.111492532354,17.75,33.495000000000005,1024.0847629427399
,1.22,0.19,0.23,2.5,0.0,17.6,17.5,33.41,33.38,1024.0456386727512,1024.0687043449798,17.55,33.394999999999996,1024.0571715088654
,1.17,0.35,0.21,2.6,0.0,16.8,16.6,33.52,33.46,1024.3173799723675,1024.340129428482,16.700000000000003,33.49,1024.3287547004247
,0.91,0.3,0.22,2.4,0.0,16.5,16.3,33.54,33.45,1024.401802592774,1024.4012558780444,16.4,33.495000000000005,1024.4015292354093
,0.81,0.22,0.19,2.2,0.0,16.6,16.3,33.51,33.425,1024.3560321224822,1024.3822989225969,16.45,33.4675,1024.3691655225396
,0.82,0.34,0.19,2.0,0.0,16.7,16.3,33.48,33.4,1024.3102616521903,1024.3633419671494,16.5,33.44,1024.3368018096699
,0.52,0.0,0.22,2.1,0.0,16.7,16.6,33.47,33.43,1024.3026875071196,1024.3174014205583,16.65,33.45,1024.310044463839
,0.69,0.6,0.2,2.0,0.0,16.9,16.7,33.43,33.4,1024.2259849880395,1024.2716034739708,16.799999999999997,33.415,1024.2487942310051
,1.29,0.38,0.2,2.5,0.0,17.1,16.8,33.38,33.37,1024.1413948885984,1024.2257291980097,16.950000000000003,33.375,1024.183562043304
,0.22,0.23,0.21,3.5,0.0,17.5,17.2,33.38,33.37,1024.0468384366504,1024.1322187654052,17.35,33.375,1024.0895286010277
,0.76,0.46,0.2,1.9,0.0,17.1,17.1,33.34,33.34,1024.1111350456172,1024.133036805318,17.1,33.34,1024.1220859254677
,0.68,0.27,0.22,2.7,0.0,17.200000000000003,16.950000000000003,33.4,33.31,1024.09515442079,1024.1642403363712,17.075000000000003,33.355000000000004,1024.1296973785809
,0.74,0.29,0.23,2.4,0.0,17.3,16.8,33.36,33.33,1024.0791737959632,1024.1954438674247,17.05,33.345,1024.137308831694
,0.71,0.27,0.19,2.9,0.0,18.1,17.3,33.38,33.34,1023.9023445814519,1024.0859373307871,17.700000000000003,33.36,1023.9941409561195
,0.96,0.23,0.2,2.3,0.0,17.5,17.2,33.4,33.33,1024.0619506068574,1024.1019693519727,17.35,33.364999999999995,1024.081959979415
,1.09,0.29,0.13,1.2,0.0,19.0,18.6,33.37,33.32,1023.6721657039025,1023.7561019906951,18.8,33.345,1023.7141338472989
,1.33,0.18,0.17,1.8,0.0,18.6,18.5,33.42,33.36,1023.8096452492175,1023.8109718931172,18.55,33.39,1023.8103085711673
,1.07,0.24,0.2,3.9,0.0,17.5,17.2,33.37,33.34,1024.039282376167,1024.1095316809317,17.35,33.355000000000004,1024.0744070285493
,2.04,2.38,0.36,6.5,0.0,16.4,14.0,33.41,33.41,1024.3261627969687,1024.8699684854616,15.2,33.41,1024.5980656412153
,1.14,0.59,0.25,3.2,0.0,18.2,17.4,33.37,33.37,1023.870413480841,1024.0849276184426,17.799999999999997,33.37,1023.9776705496417
,1.52,0.44,0.19,2.8,0.0,19.1,19.0,33.41,33.37,1023.6770788432477,1023.693906802248,9.55,33.39,1023.6854928227478
,1.85,0.28,0.18,3.4,0.0,18.0,17.9,33.4,33.35,1023.9417373461384,1023.9500534293694,17.95,33.375,1023.9458953877539
,2.46,0.22,0.22,4.6,0.0,16.7,16.7,33.44,33.36,1024.2799651683385,1024.2413089245108,16.7,33.4,1024.2606370464246
,2.49,0.22,0.19,3.7,0.0,18.8,18.8,33.41,33.39,1023.7523593738347,1023.7590609084078,18.8,33.4,1023.7557101411212
,1.68,0.0,0.13,5.4,0.0,19.5,19.3,33.44,33.41,1023.5980363837475,1023.648175941688,9.75,33.425,1023.6231061627177
,1.16,0.33,0.18,4.8,0.0,19.5,14.5,33.49,33.48,1023.6355997670132,1024.819042567204,17.0,33.485,1024.2273211671086
,2.54,0.35,0.18,4.4,0.0,18.4,18.1,33.43,33.42,1023.8665919128929,1023.9543296972387,18.25,33.425,1023.9104608050658
,1.18,0.48,0.17,3.9,0.0,19.8,18.2,33.42,33.38,1023.5059202119087,1023.8997608282954,19.0,33.400000000000006,1023.702840520102
,1.78,0.37,0.19,3.5,0.0,20.4,20.1,33.46,33.41,1023.3794178591924,1023.4422149246114,10.2,33.435,1023.4108163919019
,1.29,0.27,0.15,3.5,0.0,21.0,20.9,33.49,33.45,1023.2423014291569,1023.2607658414798,10.5,33.47,1023.2515336353183
,0.63,0.18,0.29,3.3,0.0,22.2,19.9,33.53,33.45,1022.9439625782802,1023.5242313242314,11.1,33.49,1023.2340969512559
,1.65,0.3,0.25,5.2,0.0,21.0,20.0,33.26,33.24,1023.0702387372833,1023.3407328607973,10.5,33.25,1023.2054857990403
,1.07,0.0,0.23,5.6,0.0,22.5,22.5,33.35,33.35,1022.7259423833103,1022.7474152382047,11.25,33.35,1022.7366788107574
,1.5,0.0,0.21,4.0,0.0,21.1,20.4,33.44,33.39,1023.1780138953462,1023.3485918971561,10.55,33.415,1023.2633028962512
,0.94,0.3,0.22,4.5,0.0,21.7,21.1,33.43,33.39,1023.0075138362121,1023.1621942925101,10.85,33.41,1023.084854064361
,1.09,0.0,0.17,4.0,0.0,23.3,22.5,33.44,33.42,1022.5658122912494,1022.7995654204217,11.65,33.43,1022.6826888558355
,1.36,0.0,0.19,3.0,0.0,23.2,22.5,33.55,33.45,1022.6762940872694,1022.8219157782962,11.6,33.5,1022.7491049327828
,1.16,0.41,0.2,3.2,0.0,23.799999999999997,23.25,33.58,33.505,1022.5236959671179,1022.6475715214194,11.899999999999999,33.542500000000004,1022.5856337442686
,1.1,0.13,0.18,3.1,0.0,24.4,24.0,33.61,33.56,1022.3710978469662,1022.4732272645427,12.2,33.585,1022.4221625557545
,0.84,0.2,0.24,3.9,0.0,24.4,23.8,33.55,33.52,1022.3266194095813,1022.501986650298,12.2,33.535,1022.4143030299397
,0.76,0.21,0.25,3.5,0.0,25.2,24.0,33.52,33.45,1022.0650103995499,1022.3916025518912,12.6,33.485,1022.2283064757205
,0.86,0.5,0.21,3.4,0.0,23.9,22.5,33.5,33.42,1022.4365919040879,1022.7995654204217,11.95,33.46,1022.6180786622548
,0.8,0.56,0.25,3.0,0.0,21.8,21.8,33.45,33.41,1022.9949838623619,1022.9866474817194,10.9,33.43,1022.9908156720406
,0.81,0.33,0.27,2.8,0.0,21.9,21.7,33.43,33.39,1022.9525130492652,1022.999177524981,10.95,33.41,1022.9758452871231
,1.11,0.32,0.3,2.9,0.0,21.5,21.4,33.485,33.445,1023.1026590936472,1023.1218187945815,10.75,33.464999999999996,1023.1122389441143
,0.61,0.41,0.23,3.1,0.0,21.5,21.4,33.485,33.445,1023.1026590936472,1023.1218187945815,10.75,33.464999999999996,1023.1122389441143
,0.88,0.45,0.27,3.7,0.0,21.1,21.1,33.54,33.5,1023.2528051380292,1023.244460064182,10.55,33.519999999999996,1023.2486326011056
,0.5,0.24,0.24,3.1,0.0,19.8,19.8,33.54,33.52,1023.5959960896389,1023.6026549898031,9.9,33.53,1023.599325539721
,0.71,0.26,0.29,2.7,0.0,20.05,19.6,33.605000000000004,33.575,1023.5795638587038,1023.695352595486,10.025,33.59,1023.6374582270948
,0.71,0.21,0.2,3.0,0.0,20.3,19.4,33.67,33.63,1023.5631316277685,1023.788050201169,10.15,33.650000000000006,1023.6755909144688
,1.24,0.0,0.25,3.5,0.0,17.8,18.2,33.67,33.655,1024.1939289526897,1024.1008919519927,13.600000000000001,33.6725,1024.038991013122
,0.89,0.32,0.31,4.0,0.0,18.6,18.2,33.75,33.655,1024.0582095262728,1024.1008919519927,13.600000000000001,33.6725,1024.038991013122
,0.96,0.63,0.34,4.3,0.0,17.85,18.2,33.730000000000004,33.655,1024.2246290235037,1024.1008919519927,13.600000000000001,33.6725,1024.038991013122
,0.82,0.28,0.29,3.9,0.0,17.1,17.0,33.71,33.68,1024.3910485207346,1024.4137337028167,17.05,33.695,1024.4023911117756
,1.45,1.71,0.37,4.7,0.0,16.1,16.1,33.69,33.64,1024.606728887035,1024.5907676210352,16.1,33.665,1024.598748254035
,3.59,0.26,0.29,2.1,0.0,15.8,15.8,33.68,33.64,1024.6666118273406,1024.6582381213732,15.8,33.66,1024.6624249743568
,1.41,1.81,0.42,5.0,0.0,16.2,16.2,33.45,33.43,1024.4019985566545,1024.408805400242,16.2,33.44,1024.4054019784483
,2.38,0.93,0.37,4.9,0.0,16.1,16.0,33.53,33.5,1024.4853209250807,1024.5070908252997,16.05,33.515,1024.4962058751903
,1.55,1.57,0.39,4.9,0.0,16.5,15.65,33.67,33.54,1024.5003280371093,1024.6151560171447,15.675,33.555,1024.609904899526
,2.4,0.77,0.5,5.2,0.0,15.9,15.65,33.64,33.54,1024.6121573379219,1024.6151560171447,15.675,33.555,1024.609904899526
,1.74,2.25,0.43,5.6,0.0,15.3,15.3,33.61,33.58,1024.7239866387342,1024.7232212089898,15.3,33.595,1024.723603923862
,0.9,0.62,0.34,3.1,0.0,16.6,16.3,33.61,33.58,1024.4318357720545,1024.499833906198,16.450000000000003,33.595,1024.4658348391263
,1.99,0.31,0.34,3.6,0.0,16.75,16.55,33.614999999999995,33.58,1024.4008226992385,1024.4422826593056,16.650000000000002,33.5975,1024.421552679272
,1.78,0.28,0.25,4.1,0.0,16.9,16.8,33.62,33.58,1024.3698096264225,1024.3847314124132,16.85,33.599999999999994,1024.3772705194178
,1.43,0.0,0.25,3.9,0.0,17.4,17.3,33.58,33.54,1024.22071463772,1024.2360752771199,17.35,33.559999999999995,1024.2283949574198
,2.38,1.69,0.32,5.5,0.0,17.4,17.3,33.58,33.54,1024.22071463772,1024.2360752771199,17.35,33.559999999999995,1024.2283949574198
,2.83,0.69,0.21,5.6,0.0,17.9,17.8,33.54,33.5,1024.0716196490173,1024.0874191418266,17.85,33.519999999999996,1024.0795193954218
,2.42,0.46,0.32,3.8,0.0,17.2,17.15,33.545,33.525,1024.240500512999,1024.2593736658023,17.175,33.535,1024.2499370894006
,1.63,2.85,0.43,5.1,0.0,16.5,16.5,33.55,33.55,1024.4093813769807,1024.4313281897778,16.5,33.55,1024.4203547833793
,1.92,0.21,0.26,3.9,0.0,17.6,17.5,33.53,33.51,1024.136286641777,1024.1669300557332,17.55,33.519999999999996,1024.151608348755
,1.3,0.25,0.18,3.0,0.0,19.9,18.3,33.61,33.53,1023.6226338043932,1023.9883476439766,19.1,33.57,1023.8054907241849
,1.14,0.29,0.3,2.9,0.0,17.9,18.65,33.59,33.57,1024.1093572768718,1023.9314043334568,14.275,33.599999999999994,1023.848352675039
,0.58,0.44,0.26,2.5,0.0,18.9,19.0,33.65,33.61,1023.9079682288489,1023.8744610229372,9.45,33.629999999999995,1023.8912146258931
,1.69,0.0,0.21,3.0,0.0,19.9,19.6,33.59,33.54,1023.6076249727573,1023.6692133585302,9.95,33.565,1023.6384191656438
,0.76,0.53,0.21,3.6,0.0,18.1,18.1,33.6,33.58,1024.068290662639,1024.07501244069,18.1,33.59,1024.0716515516644
,1.77,0.24,0.23,4.0,0.0,19.8,18.5,33.65,33.605000000000004,1023.6785678608679,1023.9948346177964,18.55,33.6225,1023.9845290011908
,3.48,0.16,0.12,3.4,0.0,19.1,18.9,33.68,33.63,1023.8801561065312,1023.914656794903,19.0,33.655,1023.8974064507171
,5.63,0.0,0.21,7.0,0.0,17.3,14.4,33.61,33.56,1024.268191128508,1024.9011239826104,15.850000000000001,33.585,1024.5846575555593
,2.23,0.28,0.18,3.9,0.0,19.3,19.3,33.65,33.62,1023.8068700349874,1023.8060265088534,9.65,33.635,1023.8064482719203
,3.65,0.0,0.35,6.1,0.0,21.5,21.5,33.63,33.62,1023.2116043329947,1023.2256706860625,10.75,33.625,1023.2186375095287
,2.95,0.0,0.22,5.3,0.0,20.3,20.2,33.62,33.59,1023.5256512935412,1023.5510434646451,10.15,33.605000000000004,1023.5383473790931
,2.61,0.0,0.0,4.6,0.0,22.5,21.3,33.76,33.67,1023.031420041861,1023.3174792587942,11.25,33.715,1023.1744496503276
,2.75,0.0,0.18,4.4,0.0,20.3,22.3,33.65,33.68,1023.5481394407185,1023.0452816692228,11.6,33.7175,1022.9360372552342
,4.45,0.43,0.0,3.3,0.0,22.1,22.3,33.7,33.68,1023.0851525406744,1023.0452816692228,11.6,33.7175,1022.9360372552342
,4.04,0.56,0.0,2.5,0.0,23.9,23.3,33.75,33.69,1022.6221656406302,1022.7730840796515,11.95,33.72,1022.6976248601409
,5.12,0.53,0.11,2.0,0.0,24.5,23.2,33.75,33.67,1022.4451911239572,1022.7869474850236,12.25,33.71,1022.6160693044903
,7.07,0.27,0.17,3.3,0.0,22.8,22.7,33.68,33.64,1022.8870790841202,1022.9070657974953,11.4,33.66,1022.8970724408077
,4.39,0.3,0.16,3.6,0.0,23.0,18.0,33.68,33.49,1022.8301865073269,1024.0314631239003,20.5,33.585,1023.4308248156135
,2.08,0.45,0.29,4.5,0.0,19.1,18.9,33.44,33.43,1023.6996423645904,1023.7641504563054,19.0,33.435,1023.7318964104479
,2.27,0.29,0.24,3.6,0.0,20.25,19.2,33.515,33.455,1023.4543034510214,1023.7069672404524,14.85,33.485,1023.5806353457368
,1.84,0.0,0.23,2.9,0.0,21.4,19.5,33.59,33.48,1023.2089645374522,1023.6497840245994,10.7,33.535,1023.4293742810257
,1.55,0.35,0.27,3.0,0.0,20.299999999999997,19.3,33.510000000000005,33.44499999999999,1023.4379076392747,1023.6742972312466,10.149999999999999,33.4775,1023.5561024352606
,2.8,0.28,0.29,3.8,0.0,19.2,19.1,33.43,33.41,1023.6668507410974,1023.6988104378938,9.6,33.42,1023.6828305894956
,1.31,0.29,0.31,3.6,0.0,18.7,16.4,33.39,33.32,1023.7622202104143,1024.2798997446237,17.549999999999997,33.355000000000004,1024.021059977519
,1.88,0.29,0.35,3.5,0.0,20.2,19.6,33.39,33.36,1023.3794477253887,1023.5340301684338,10.1,33.375,1023.4567389469112
,1.92,0.29,0.2,3.3,0.0,21.3,19.7,33.44,33.39,1023.1240007909744,1023.5308616950675,10.65,33.415,1023.327431243021
,2.25,0.0,0.3,3.8,0.0,19.2,18.9,33.41,33.37,1023.6518127068746,1023.7189998882228,19.049999999999997,33.39,1023.6854062975488
,2.55,0.0,0.24,3.4,0.0,18.0,17.4,33.39,33.35,1023.9341923045641,1024.069811802262,17.7,33.370000000000005,1024.002002053413
,1.84,0.0,0.23,2.8,0.0,19.2,18.8,33.39,33.36,1023.6367747414702,1023.7364792697297,19.0,33.375,1023.6866270055999
,1.17,0.0,0.26,2.4,0.0,19.6,19.4,33.46,33.44,1023.5874415770301,1023.6452729970839,9.8,33.45,1023.616357287057
,1.14,0.0,0.21,2.2,0.0,19.2,18.9,33.49,33.44,1023.7119652569668,1023.771675610742,19.049999999999997,33.465,1023.7418204338544
,1.0,0.21,0.29,2.5,0.0,17.25,17.049999999999997,33.435,33.39,1024.1305038231592,1024.167067036393,17.15,33.4125,1024.1487854297761
,1.37,0.23,0.15,2.8,0.0,17.25,17.049999999999997,33.435,33.39,1024.1305038231592,1024.167067036393,17.15,33.4125,1024.1487854297761
,1.81,1.51,0.39,3.6,0.0,15.3,15.2,33.38,33.34,1024.5490423893516,1024.562458462044,15.25,33.36,1024.5557504256979
,1.6,0.75,0.32,2.4,0.0,16.6,16.4,33.36,33.34,1024.2424252121343,1024.2950604561104,16.5,33.35,1024.2687428341223
,2.57,2.31,0.61,4.7,0.0,15.8,15.75,33.32,33.295,1024.39019647304,1024.4053558379583,15.775,33.307500000000005,1024.3977761554993
,1.13,0.51,0.55,2.9,0.0,15.0,15.1,33.28,33.25,1024.5379677339458,1024.5156512198062,15.05,33.265,1024.526809476876
,0.89,0.54,0.13,2.1,0.0,15.6,15.6,33.38,33.32,1024.4831544924543,1024.4595957443719,15.6,33.35,1024.471375118413
,1.16,0.3,0.32,2.9,0.0,15.8,15.6,33.22,33.3,1024.3172588591074,1024.4443984120787,15.7,33.26,1024.380828635593
,1.26,0.57,0.4,3.7,0.0,15.75,15.6,33.215,33.235,1024.3245614033058,1024.3950078376492,15.674999999999999,33.224999999999994,1024.3597846204773
,0.82,1.83,0.43,4.9,0.0,15.75,15.6,33.215,33.235,1024.3245614033058,1024.3950078376492,15.674999999999999,33.224999999999994,1024.3597846204773
,1.76,2.42,0.43,4.6,0.0,15.7,15.6,33.21,33.17,1024.331863947504,1024.3456172632195,15.649999999999999,33.19,1024.3387406053616
,1.17,1.26,0.33,3.1,0.0,15.0,14.7,33.31,33.29,1024.5608066404282,1024.631855731789,14.85,33.3,1024.5963311861087
,2.34,4.65,0.5,5.8,0.0,15.1,14.7,33.28,33.25,1024.516398722516,1024.6013772638237,14.899999999999999,33.265,1024.5588879931697
,1.1,0.33,0.22,3.4,0.0,15.5,15.3,33.18,33.18,1024.3531834064659,1024.4189918859192,15.4,33.18,1024.3860876461927
,1.53,3.12,0.54,5.2,0.0,15.25,15.700000000000001,33.085,33.16,1024.3351910467613,1024.3151974443094,15.774999999999999,33.16,1024.2876088016674
,2.52,1.06,0.4,6.6,0.0,15.0,15.700000000000001,32.99,33.16,1024.317198687057,1024.3151974443094,15.774999999999999,33.16,1024.2876088016674
,2.61,0.0,0.27,6.0,0.0,16.2,16.1,33.14,33.14,1024.1668569115843,1024.2114030026996,16.15,33.14,1024.189129957142
,2.62,0.69,0.31,5.1,0.0,17.2,17.2,33.18,33.16,1023.9666376134089,1023.9734122444136,17.2,33.17,1023.9700249289112
,5.88,2.12,0.42,6.5,0.0,17.6,17.6,33.27,33.25,1023.9398857058162,1023.9466403373011,17.6,33.260000000000005,1023.9432630215587
,6.2,0.0,0.22,4.3,0.0,17.2,17.2,33.37,33.34,1024.1103267185113,1024.1095316809317,17.2,33.355000000000004,1024.1099291997216
,8.64,0.74,0.34,6.8,0.0,17.4,17.2,33.43,33.42,1024.1084027449087,1024.1700308984023,17.299999999999997,33.425,1024.1392168216555
,11.03,0.47,0.29,9.0,0.0,17.5,17.299999999999997,33.36,33.385000000000005,1024.0316979100905,1024.119921350332,17.4,33.3725,1024.0758096302113
,3.67,0.38,0.27,2.7,0.0,17.5,17.299999999999997,33.36,33.385000000000005,1024.0316979100905,1024.119921350332,17.4,33.3725,1024.0758096302113
,3.43,0.44,0.23,1.5,0.0,17.5,17.299999999999997,33.36,33.385000000000005,1024.0316979100905,1024.119921350332,17.4,33.3725,1024.0758096302113
,5.1,0.72,0.57,2.0,0.0,17.6,17.4,33.29,33.35,1023.9549930752723,1024.069811802262,17.5,33.32,1024.0124024387671
,4.49,0.3,0.21,3.4,0.0,17.7,18.6,33.57,33.44,1024.1425111139633,1023.8399864261465,13.725,33.4375,1023.8087716277219
,3.2,0.21,0.15,3.2,0.0,19.9,19.8,33.58,33.53,1023.6001205833218,1023.6101610500311,9.95,33.555,1023.6051408166765
,8.71,1.7,0.51,3.2,0.0,16.7,16.7,33.56,33.54,1024.370855391842,1024.3776364213975,16.7,33.55,1024.3742459066198
,1.77,0.21,0.16,1.1,0.0,18.1,18.0,33.54,33.52,1024.0230318372394,1024.0540977506207,18.05,33.53,1024.0385647939302
,2.32,0.49,0.29,3.0,0.0,19.700000000000003,19.5,33.585,33.55500000000001,1023.6445295632652,1023.6963941132775,14.350000000000001,33.57,1023.6704618382714
,2.75,0.0,0.15,2.5,0.0,21.3,21.0,33.63,33.59,1023.2660272892912,1023.3386904759343,10.65,33.61,1023.3023588826127
,3.14,0.44,0.32,6.3,0.0,21.9,21.7,33.595,33.57,1023.0742149558992,1023.1315859835802,10.95,33.582499999999996,1023.1029004697396
,2.92,0.0,0.17,7.5,0.0,21.9,21.7,33.595,33.57,1023.0742149558992,1023.1315859835802,10.95,33.582499999999996,1023.1029004697396
,1.58,0.0,0.0,4.5,0.0,22.5,22.4,33.56,33.55,1022.882402622507,1022.9244814912261,11.25,33.555,1022.9034420568665
,1.3,0.0,0.0,2.3,0.0,24.1,24.1,33.61,33.59,1022.4596215945503,1022.4661358242964,12.05,33.6,1022.4628787094234
,2.04,0.0,0.0,1.9,0.0,23.9,22.200000000000003,33.644999999999996,33.56,1022.5440786440188,1022.972977875025,11.95,33.602500000000006,1022.7585282595219
,2.92,0.0,0.0,1.3,0.0,23.7,20.3,33.68,33.53,1022.6285356934873,1023.4798199257535,11.85,33.605000000000004,1023.0541778096203
,2.43,0.22,0.11,2.1,0.0,22.1,18.3,33.58,33.45,1023.00906397974,1023.9280414319949,20.200000000000003,33.515,1023.4685527058674
,2.52,0.0,0.21,3.3,0.0,21.6,21.0,33.5,33.47,1023.0871722802706,1023.2489193257911,10.8,33.485,1023.1680458030309
,2.75,0.0,0.0,0.0,0.0,22.2,22.2,33.59,33.55,1022.9887030399283,1022.980364048619,11.1,33.57,1022.9845335442736
,2.37,0.0,0.11,0.0,0.0,21.5,21.3,33.56,33.53,1023.1593067929582,1023.2128311966545,10.75,33.545,1023.1860689948064
,1.73,0.0,0.0,1.2,0.0,22.7,22.6,33.51,33.48,1022.7888099862229,1022.8161359211368,11.35,33.495,1022.8024729536799
,1.2,0.0,0.14,1.4,0.0,23.5,21.0,33.48,33.42,1022.5379346070323,1023.211515446856,11.75,33.45,1022.8747250269441
,1.32,0.0,0.15,1.6,0.0,24.3,21.4,33.5,33.45,1022.3191197583355,1023.1258932983424,12.15,33.475,1022.722506528339
,1.22,0.0,0.14,2.1,0.0,20.0,19.6,33.48,33.44,1023.4991125048501,1023.5941108900847,10.0,33.459999999999994,1023.5466116974674
,0.78,0.0,0.14,2.1,0.0,20.6,20.25,33.5,33.459999999999994,1023.3549888557686,1023.438662693258,10.3,33.48,1023.3968257745133
,0.94,0.0,0.2,2.7,0.0,21.2,20.9,33.52,33.48,1023.2108652066872,1023.2832144964314,10.6,33.5,1023.2470398515593
,1.39,0.0,0.2,2.9,0.0,21.1,20.7,33.54,33.47,1023.2528051380292,1023.329105556715,10.55,33.504999999999995,1023.2909553473721
,2.0,0.0,0.26,3.7,0.0,19.1,19.4,33.51,33.46,1023.752291182173,1023.6603018817426,9.55,33.485,1023.7062965319578
,1.49,0.0,0.14,2.5,0.0,20.0,19.8,33.52,33.5,1023.5291210096761,1023.5876429219079,10.0,33.510000000000005,1023.558381965792
,1.97,0.0,0.31,3.4,0.0,18.4,17.9,33.51,33.46,1023.9268831769328,1024.0330694349625,18.15,33.485,1023.9799763059477
,1.55,0.22,0.32,3.4,0.0,17.5,17.8,33.47,33.44,1024.114843719982,1024.0421238060871,17.65,33.455,1024.0784837630345
,2.4,0.75,0.42,4.8,0.0,16.0,15.7,33.45,33.41,1024.447147321561,1024.5058217199105,15.85,33.43,1024.4764845207358
,1.82,0.23,0.33,2.8,0.0,17.1,17.2,33.42,33.43,1024.1716549912167,1024.1775933738652,17.15,33.425,1024.1746241825408
,0.85,0.28,0.26,2.5,0.0,16.5,16.5,33.48,33.48,1024.3563302235304,1024.3782795281777,16.5,33.48,1024.3673048758542
,0.81,0.0,0.28,2.3,0.0,17.2,16.7,33.55,33.51,1024.246458656504,1024.3549148101429,16.95,33.53,1024.3006867333233
,0.67,0.0,0.42,2.3,0.0,16.5,16.5,33.59,33.55,1024.4396966739305,1024.4313281897778,16.5,33.57,1024.435512431854
,1.23,0.23,0.25,2.5,0.0,16.2,16.1,33.63,33.54,1024.538539391782,1024.5148915393233,16.15,33.585,1024.5267154655526
,0.67,0.23,0.3,2.5,0.0,15.95,15.850000000000001,33.56,33.495000000000005,1024.541556567352,1024.5366357289372,15.899999999999999,33.5275,1024.5390961481446
,0.95,0.34,0.35,2.7,0.0,15.95,15.850000000000001,33.56,33.495000000000005,1024.541556567352,1024.5366357289372,15.899999999999999,33.5275,1024.5390961481446
,0.88,0.49,0.32,3.1,0.0,15.95,15.850000000000001,33.56,33.495000000000005,1024.541556567352,1024.5366357289372,15.899999999999999,33.5275,1024.5390961481446
,1.22,0.75,0.37,3.4,0.0,15.7,15.6,33.49,33.45,1024.544573742922,1024.558379918551,15.649999999999999,33.47,1024.5514768307366
,2.54,0.0,0.27,3.5,0.0,17.4,16.2,33.54,33.49,1024.1915458590063,1024.4543161066208,16.799999999999997,33.515,1024.3229309828134
,1.26,0.0,0.26,2.3,0.0,15.9,15.6,33.53,33.5,1024.5303240986996,1024.5963745316287,15.75,33.515,1024.563349315164
,1.03,0.0,0.27,2.3,0.0,16.5,15.0,33.58,33.535,1024.432117825668,1024.7525628341339,15.1,33.5475,1024.7290591266672
,1.37,0.31,0.36,1.8,0.0,15.5,15.0,33.585,33.535,1024.6564522826848,1024.7525628341339,15.1,33.5475,1024.7290591266672
,1.8,0.94,0.4,3.7,0.0,14.5,14.4,33.59,33.57,1024.8807867397018,1024.908751136639,14.45,33.58,1024.8947689381703
,1.46,0.43,0.3,4.7,0.0,15.8,15.4,33.55,33.5,1024.5678782812486,1024.6404659128552,15.600000000000001,33.525,1024.604172097052
,2.04,0.0,0.22,2.1,0.0,15.5,15.4,33.53,33.46,1024.6192328018683,1024.6100516600025,15.45,33.495000000000005,1024.6146422309353
,1.67,1.33,0.33,4.2,0.0,15.0,12.4,33.5,33.56,1024.7054562358173,1025.3028065715437,13.7,33.53,1025.0041314036805
,3.24,7.22,0.81,11.4,0.0,13.9,13.7,33.55,33.54,1024.9753030723487,1025.0307797410128,13.8,33.545,1025.0030414066807
,5.21,2.19,0.41,8.6,0.0,15.1,14.2,33.54,33.53,1024.7142796461148,1024.9201135386459,14.649999999999999,33.535,1024.8171965923802
,2.15,0.0,0.16,4.6,0.0,15.8,14.2,33.58,33.545,1024.58835648049,1024.931561353454,15.0,33.5625,1024.7599589169718
,2.41,1.12,0.32,7.0,0.0,16.5,14.2,33.62,33.56,1024.4624333148647,1024.9430091682623,15.35,33.59,1024.7027212415635
,4.96,0.0,0.12,8.0,0.0,16.6,16.6,33.66,33.61,1024.4697190879965,1024.4537716338873,16.6,33.635,1024.461745360942
,3.47,5.51,0.74,13.4,0.0,14.6,16.4,33.75,33.65,1024.981578716844,1024.5298971106363,16.45,33.662499999999994,1024.5169864655418
,5.91,1.46,0.5,12.3,0.0,16.4,16.2,33.69,33.69,1024.5384325528978,1024.606022587385,16.299999999999997,33.69,1024.5722275701414
,2.32,0.0,0.18,5.3,0.0,18.1,18.0,33.72,33.65,1024.1588101250209,1024.1521828708474,18.05,33.685,1024.155496497934
,5.84,0.27,0.29,5.9,0.0,17.3,16.05,33.77,33.68,1024.389167597131,1024.62670634349,17.05,33.725,1024.3988525748114
,3.37,0.0,0.2,4.7,0.0,18.0,14.1,33.72,33.74,1024.1831874872444,1025.1012298161327,16.05,33.730000000000004,1024.6422086516886
,3.45,0.14,0.19,5.7,0.0,19.3,16.9,33.75,33.67,1023.8820436134511,1024.4295666530606,18.1,33.71,1024.1558051332559
,3.61,0.0,0.15,3.8,0.0,20.3,20.2,33.75,33.72,1023.6231010880152,1023.6485154561265,10.15,33.735,1023.6358082720708
,2.91,0.0,0.0,3.1,0.0,19.6,16.8,33.78,33.67,1023.8277876962237,1024.4528773987086,18.200000000000003,33.725,1024.1403325474662
,0.84,0.0,0.14,1.4,0.0,20.0,20.0,33.78,33.77,1023.7241831679139,1023.7383279721863,10.0,33.775000000000006,1023.73125557005
,2.01,0.0,0.0,1.4,0.0,21.6,21.5,33.86,33.83,1023.356062891759,1023.3825612793597,10.8,33.845,1023.3693120855594
,1.15,0.0,0.0,1.7,0.0,23.0,22.1,33.87,33.81,1022.9715667064675,1023.2021082136114,11.5,33.84,1023.0868374600394
,2.26,0.0,0.13,3.3,0.0,22.3,22.0,33.8,33.75,1023.117356093989,1023.1851329778569,11.15,33.775,1023.151244535923
,1.19,0.0,0.11,1.6,0.0,23.700000000000003,23.15,33.845,33.825,1022.7431755042116,1022.911095754167,11.850000000000001,33.834999999999994,1022.8271356291893
,1.77,0.22,0.0,0.0,0.0,25.1,24.3,33.89,33.9,1022.3689949144342,1022.6370585304771,12.55,33.894999999999996,1022.5030267224556
,2.56,0.0,0.0,1.1,0.0,25.5,24.9,33.93,33.88,1022.2770402901083,1022.4431773277188,12.75,33.905,1022.3601088089135
,1.08,0.0,0.0,1.4,0.0,25.3,20.3,33.88,33.66,1022.3009909168487,1023.5772632247343,12.65,33.769999999999996,1022.9391270707915
,1.47,0.21,0.35,2.2,0.0,23.3,20.7,33.82,33.7,1022.8483352501244,1023.5013124982668,11.65,33.760000000000005,1023.1748238741956
,2.78,0.0,0.13,1.3,0.0,23.9,22.8,33.9,33.82,1022.7335156735467,1023.0127450224261,11.95,33.86,1022.8731303479864
,6.7,0.0,0.0,0.0,0.0,23.5,23.5,33.94,33.89,1022.8797607263243,1022.8639876907047,11.75,33.915,1022.8718742085146
,1.63,0.0,0.23,1.6,0.0,21.7,20.0,33.84,33.7,1023.3136631075546,1023.6858125721087,10.85,33.77,1023.4997378398316
,1.62,0.0,0.14,1.9,0.0,22.2,21.9,33.82,33.78,1023.1602143491149,1023.235217679296,11.1,33.8,1023.1977160142055
,1.67,0.0,0.11,2.1,0.0,21.5,21.4,33.76,33.75,1023.308730716773,1023.3500774409011,10.75,33.754999999999995,1023.3294040788371
,1.19,0.0,0.0,2.5,0.0,20.7,19.9,33.74,33.67,1023.5096684304757,1023.689319418663,10.35,33.705,1023.5994939245693
,0.57,0.0,0.18,2.8,0.0,19.0,18.6,33.61,33.57,1023.8527282062081,1023.9443936510828,18.8,33.59,1023.8985609286455
,1.44,0.0,0.23,2.8,0.0,18.6,18.2,33.6,33.57,1023.9452234697909,1024.0430291548132,18.4,33.585,1023.9941263123021
,0.8,0.0,0.17,2.6,0.0,19.1,18.9,33.67,33.63,1023.8726345025217,1023.914656794903,19.0,33.650000000000006,1023.8936456487123
,1.04,0.0,0.12,2.4,0.0,19.3,18.6,33.69,33.65,1023.8369392581558,1024.0046492226481,18.950000000000003,33.67,1023.920794240402
,0.45,0.0,0.12,2.1,0.0,19.4,19.0,33.75,33.7,1023.8565327959063,1023.9421714056583,9.7,33.725,1023.8993521007824
,0.72,0.24,0.24,2.7,0.0,17.8,17.6,33.72,33.67,1024.2316786869944,1024.2638927994265,17.700000000000003,33.695,1024.2477857432104
,0.6,0.0,0.2,2.2,0.0,18.3,18.2,33.76,33.72,1024.1399488524146,1024.1561400130445,18.25,33.739999999999995,1024.1480444327294
,1.0,0.0,0.19,2.4,0.0,18.6,18.1,33.73,33.7,1024.0431444973603,1024.165527313962,18.35,33.715,1024.1043359056612
,1.0,0.0,0.25,2.9,0.0,17.2,17.2,33.67,33.66,1024.3372162205762,1024.3515348143308,17.2,33.665,1024.3443755174535
,0.63,0.0,0.4,1.7,0.0,17.1,17.0,33.65,33.63,1024.345655631198,1024.375897059852,17.05,33.64,1024.360776345525
,1.11,0.0,0.4,1.8,0.0,17.0,16.15,33.66,33.655,1024.376699874408,1024.587589729053,16.175,33.665,1024.5783200998103
,0.95,0.29,0.44,2.1,0.0,16.4,16.15,33.67,33.655,1024.5216558508741,1024.587589729053,16.175,33.665,1024.5783200998103
,2.06,0.2,0.45,3.5,0.0,15.8,16.15,33.68,33.655,1024.6666118273406,1024.587589729053,16.175,33.665,1024.5783200998103
,0.7,0.21,0.48,2.5,0.0,15.3,15.3,33.7,33.68,1024.7924453099376,1024.799282398254,15.3,33.69,1024.7958638540958
,0.67,0.0,0.5,1.9,0.0,15.8,15.8,33.7,33.68,1024.6818018393815,1024.6886165204346,15.8,33.69,1024.685209179908
,1.41,0.37,0.47,2.9,0.0,16.200000000000003,15.7,33.69,33.655,1024.5833371831868,1024.6918894349747,15.950000000000001,33.6725,1024.6376133090807
,1.48,0.0,0.44,3.1,0.0,16.6,15.6,33.68,33.63,1024.4848725269921,1024.695162349515,16.1,33.655,1024.5900174382537
,0.97,0.0,0.48,2.3,0.0,15.6,15.5,33.57,33.52,1024.627540864674,1024.6336688226681,15.55,33.545,1024.630604843671
,1.56,0.0,0.49,2.2,0.0,14.8,14.9,33.68,33.6,1024.8855441629955,1024.8252309017587,14.850000000000001,33.64,1024.855387532377
,0.74,1.59,0.58,5.4,0.0,15.0,14.7,33.43,33.545,1024.6521636383222,1024.8259490668913,14.875,33.57,1024.7963413037564
,1.97,1.19,0.54,3.2,0.0,15.3,14.5,33.51,33.49,1024.647922918248,1024.826667232024,14.9,33.5,1024.737295075136
,1.49,0.24,0.54,0.0,0.0,15.2,14.9,33.58,33.53,1024.7229918524245,1024.7719233693515,15.05,33.555,1024.747457610888
,2.26,0.49,0.48,1.2,0.0,14.9,14.5,33.58,33.55,1024.7879092558421,1024.8724155374998,14.7,33.565,1024.8301623966709
,1.39,0.41,0.47,2.3,0.0,16.6,16.2,33.61,33.55,1024.4318357720545,1024.4998273837534,16.4,33.58,1024.4658315779038
,1.54,0.59,0.44,2.1,0.0,16.1,16.1,33.58,33.55,1024.523260477595,1024.5224790762284,16.1,33.565,1024.5228697769116
,2.3,0.44,0.34,3.8,0.0,17.9,17.2,33.63,33.61,1024.1395476792177,1024.3137207222446,17.549999999999997,33.620000000000005,1024.226634200731
,2.01,0.88,0.48,3.5,0.0,15.3,15.0,33.66,33.62,1024.7620190789798,1024.8188968185643,15.15,33.64,1024.7904579487722
,2.7,0.39,0.38,5.1,0.0,16.4,15.8,33.65,33.63,1024.5081075353257,1024.6506435609117,16.1,33.64,1024.5793755481186
,0.45,0.0,0.28,3.7,0.0,17.2,17.1,33.66,33.64,1024.3296530002606,1024.3599813671299,17.15,33.65,1024.3448171836953
,1.43,0.0,0.29,3.4,0.0,18.0,17.6,33.71,33.65,1024.175641911112,1024.247668394034,17.725,33.665,1024.2175866162736
,0.91,0.0,0.24,3.7,0.0,18.5,18.1,33.7,33.66,1024.0453566767658,1024.135355420938,18.3,33.68,1024.0903560488518
,2.21,0.12,0.28,4.9,0.0,18.5,18.4,33.68,33.65,1024.030287472159,1024.0541761731379,18.45,33.665,1024.0422318226483
,8.54,0.23,0.3,6.2,0.0,17.8,17.6,33.675,33.644999999999996,1024.195537000609,1024.2421690487333,17.700000000000003,33.66,1024.2188530246713
,5.82,0.0,0.27,6.6,0.0,17.1,16.8,33.67,33.64,1024.3607865290592,1024.4301619243288,16.950000000000003,33.655,1024.395474226694
,55.68,0.0,0.17,6.3,0.0,18.3,18.0,33.71,33.69,1024.1022536638743,1024.1823634767363,18.15,33.7,1024.1423085703054
,6.28,0.0,0.21,4.0,0.0,19.3,18.9,33.73,33.7,1023.867008758911,1023.9673356326776,19.1,33.715,1023.9171721957944
,16.68,0.0,0.16,4.2,0.0,19.6,19.5,33.76,33.74,1023.8127655394488,1023.8451112594403,9.8,33.75,1023.8289383994445
,4.29,0.0,0.3,3.5,0.0,20.0,19.8,33.76,33.74,1023.7091779625447,1023.7677923684996,10.0,33.75,1023.7384851655222
,1.86,0.46,0.28,4.1,0.0,17.0,14.7,33.68,33.65,1024.3918352877793,1024.9061728368915,15.85,33.665,1024.6490040623353
,0.94,0.0,0.21,3.7,0.0,19.4,19.2,33.74,33.71,1023.8490174979831,1023.8991036348857,9.7,33.725,1023.8740605664344
,3.26,0.0,0.0,1.8,0.0,21.2,19.9,33.78,33.73,1023.4052762879612,1023.7343449228549,10.6,33.754999999999995,1023.5698106054081
,1.74,0.0,0.14,1.1,0.0,22.3,20.4,33.87,33.75,1023.169542727518,1023.618357803926,11.15,33.81,1023.393950265722
,1.92,0.22,0.14,2.0,0.0,23.5,21.2,33.81,33.73,1022.7831535824803,1023.3894449278595,11.75,33.769999999999996,1023.0862992551699
,1.84,0.0,0.11,2.3,0.0,21.8,16.0,33.79,33.63,1023.2487933783624,1024.6057589756003,18.9,33.71,1023.9272761769814
,6.26,0.0,0.0,2.1,0.0,21.3,19.8,33.73,33.67,1023.3407807183968,1023.7152477349537,10.65,33.7,1023.5280142266752
,2.69,0.0,0.0,1.6,0.0,22.7,22.7,33.76,33.73,1022.9749800597485,1022.9740848998593,11.35,33.745,1022.9745324798039
,6.8,0.0,0.19,2.2,0.0,21.4,19.2,33.68,33.62,1023.276223370669,1023.8314317739627,10.7,33.65,1023.5538275723159
,4.42,0.0,0.0,0.0,0.0,25.3,22.9,33.78,33.68,1022.2270294791765,1022.8801062879453,12.65,33.730000000000004,1022.5535678835608
,2.08,0.0,0.0,1.0,0.0,24.1,24.1,33.81,33.79,1022.6080053685473,1022.6145123279869,12.05,33.8,1022.6112588482671
,1.78,0.0,0.0,1.4,0.0,23.1,20.8,33.8,33.66,1022.8908875096126,1023.4446780795795,11.55,33.73,1023.1677827945961
,2.17,0.0,0.0,2.3,0.0,21.1,20.1,33.72,33.65,1023.3874339390211,1023.6222084217889,10.55,33.685,1023.504821180405
,2.36,0.0,0.0,1.8,0.0,21.0,20.6,33.75,33.74,1023.4368185747077,1023.5578801860157,10.5,33.745000000000005,1023.4973493803617
,2.17,0.0,0.17,2.8,0.0,20.2,18.5,33.77,33.63,1023.6643737273547,1024.014387860278,19.35,33.7,1023.8393807938164
,1.36,0.0,0.0,3.1,0.0,18.9,15.3,33.67,33.54,1023.9230199990142,1024.692797166545,17.1,33.605000000000004,1024.3079085827796
,0.16,0.59,0.17,4.2,0.0,17.5,16.2,33.64,33.59,1024.2433017803207,1024.5301685526201,16.85,33.615,1024.3867351664703
,0.98,0.0,0.0,1.9,0.0,19.9,19.7,33.72,33.68,1023.7051836371046,1023.7485994814369,9.95,33.7,1023.7268915592708
,0.84,0.0,0.12,2.4,0.0,18.6,18.3,33.7,33.66,1024.0205470817955,1024.0863475378435,18.450000000000003,33.68,1024.0534473098196
,0.94,0.38,0.13,2.1,0.0,19.2,18.4,33.69,33.63,1023.8623514616057,1024.039103478017,18.799999999999997,33.66,1023.9507274698115
,1.28,0.45,0.2,3.9,0.0,17.3,17.1,33.64,33.62,1024.2908738961623,1024.3448512736745,17.200000000000003,33.629999999999995,1024.3178625849184
,1.43,0.77,0.21,3.0,0.0,17.0,16.8,33.66,33.614999999999995,1024.376699874408,1024.4108251846544,16.900000000000002,33.595,1024.3613771123382
,2.42,0.21,0.16,3.2,0.0,16.7,16.5,33.51,33.61,1024.3329841838824,1024.4767990956343,16.6,33.56,1024.4048916397583
,1.28,0.0,0.15,2.6,0.0,16.8,16.2,33.5,33.56,1024.3022360822517,1024.5069700435247,16.325000000000003,33.54,1024.452401752147
,2.39,0.49,0.15,3.8,0.0,16.2,15.9,33.53,33.51,1024.4626827376562,1024.5371409914148,16.05,33.519999999999996,1024.4999118645355
,1.49,0.53,0.16,2.5,0.0,15.6,15.5,33.54,33.53,1024.6047426426526,1024.6412701369138,15.55,33.535,1024.6230063897833
,1.63,0.69,0.24,3.3,0.0,15.1,15.1,33.43,33.41,1024.6305595302388,1024.6374163370745,15.1,33.42,1024.6339879336565
,1.11,0.25,0.18,3.0,0.0,15.8,15.5,33.52,33.49,1024.545093993452,1024.6108649731602,15.65,33.505,1024.577979483306
,1.12,0.98,0.32,3.6,0.0,16.0,15.8,33.56,33.54,1024.5306386557802,1024.5822932235499,15.9,33.55,1024.556465939665
,1.42,0.26,0.27,2.8,0.0,15.85,15.25,33.56,33.535,1024.564195878913,1024.6985124211405,15.325,33.5425,1024.6766384166883
,0.57,0.22,0.24,2.5,0.0,15.85,15.25,33.56,33.535,1024.564195878913,1024.6985124211405,15.325,33.5425,1024.6766384166883
,0.8,0.0,0.29,2.7,0.0,15.7,15.25,33.56,33.535,1024.597753102046,1024.6985124211405,15.325,33.5425,1024.6766384166883
,0.99,0.0,0.26,2.9,0.0,14.8,14.7,33.54,33.53,1024.7788901686922,1024.8147316187312,14.75,33.535,1024.7968108937116
,0.9,0.39,0.33,2.5,0.0,16.3,15.9,33.56,33.52,1024.4627037010869,1024.5447330644276,16.1,33.540000000000006,1024.5037183827571
,0.84,0.0,0.28,2.4,0.0,16.2,15.8,33.54,33.52,1024.47026833163,1024.5671044323199,16.0,33.53,1024.518686381975
,0.83,0.0,0.23,2.1,0.0,16.3,16.05,33.58,33.53,1024.4778704403354,1024.518303175567,16.225,33.54,1024.47520688519
,0.72,0.55,0.25,2.0,0.0,16.6,16.3,33.56,33.54,1024.3939528579951,1024.4695019188143,16.450000000000003,33.55,1024.4317273884049
,1.73,0.0,0.16,2.3,0.0,16.4,16.4,33.38,33.37,1024.303420350185,1024.3178016425563,16.4,33.375,1024.3106109963705
,0.86,0.0,0.21,2.4,0.0,16.5,16.4,33.46,33.38,1024.341172895033,1024.3253820698435,16.45,33.42,1024.3332774824382
,2.71,0.26,0.28,3.8,0.0,16.3,15.6,33.4,33.46,1024.3413720772344,1024.5659788100268,15.95,33.43,1024.4536754436306
,2.71,0.0,0.28,3.8,0.0,16.2,16.0,33.5,33.53,1024.4399260509003,1024.529860161703,16.1,33.515,1024.4848931063016
,2.71,0.0,0.31,7.0,0.0,16.3,15.9,33.07,33.23,1024.0911384128513,1024.324569317719,16.1,33.15,1024.207853865285
,2.71,0.0,0.12,8.2,0.0,16.8,15.1,33.21,33.44,1024.0826569121148,1024.6602477327285,15.95,33.325,1024.3714523224216
,2.71,0.0,0.13,8.3,0.0,19.7,16.7,33.54,33.56,1023.6218038829747,1024.392784242743,18.2,33.55,1024.0072940628588
,2.71,0.0,0.32,11.0,0.0,20.7,19.5,33.6,33.57,1023.4048399460536,1023.7173959661457,10.35,33.585,1023.5611179560997
,2.71,0.0,0.15,6.6,0.0,21.7,18.4,33.64,33.62,1023.1643181366389,1024.0315671558385,20.049999999999997,33.629999999999995,1023.5979426462387
,2.71,0.0,0.57,5.5,0.0,19.7,19.4,33.68,33.67,1023.7269253010057,1023.8181093585381,9.85,33.675,1023.772517329772
,2.71,0.48,0.0,1.3,0.0,19.3,19.6,33.68,33.68,1023.8294219263481,1023.7743597447169,9.65,33.68,1023.8018908355325
,4.56,0.34,0.4,7.0,0.0,16.4,15.2,33.63,33.64,1024.492945122526,1024.7907054014854,15.799999999999999,33.635000000000005,1024.6418252620056
,1.6,0.0,0.26,3.2,0.0,18.2,17.8,33.65,33.63,1024.0815571552464,1024.1855610868272,18.0,33.64,1024.1335591210368
,2.35,0.0,0.19,3.0,0.0,20.6,20.4,33.67,33.68,1023.4838491519716,1023.565901513221,10.3,33.675,1023.5248753325964
,2.54,0.0,0.14,2.5,0.0,20.4,20.2,33.72,33.72,1023.5742585346394,1023.6485154561265,10.2,33.72,1023.6113869953829
,2.08,0.0,0.17,3.8,0.0,20.0,19.9,33.57,33.66,1023.5666320368979,1023.6818152296506,10.0,33.614999999999995,1023.6242236332743
,2.44,0.0,0.1,3.9,0.0,22.2,22.1,33.64,33.72,1023.0259872691587,1023.1349788396153,11.1,33.68,1023.0804830543871
,3.29,0.0,0.11,2.7,0.0,23.3,20.6,33.77,33.7,1022.8111596039229,1023.527921846847,11.65,33.735,1023.1695407253849
,2.79,2.05,0.66,8.7,0.0,16.6,13.1,33.66,33.64,1024.4697190879965,1025.2278576422052,14.850000000000001,33.65,1024.848788365101
,3.86,0.0,0.19,4.2,0.0,20.3,13.8,33.69,33.64,1023.578123885996,1025.0867778508043,17.05,33.665,1024.3324508684002
,1.59,0.0,0.3,3.0,0.0,19.0,16.7,33.49,33.61,1023.7624457208145,1024.4306540780842,17.85,33.55,1024.0965498994494
,3.66,0.0,0.17,2.6,0.0,19.9,17.7,33.66,33.63,1023.6601561914393,1024.2096631957497,18.799999999999997,33.644999999999996,1023.9349096935946
,0.93,0.0,0.14,1.9,0.0,22.0,21.5,33.69,33.66,1023.1188703172835,1023.2555539851554,11.0,33.675,1023.1872121512195
,2.12,0.0,0.14,1.5,0.0,24.7,19.8,33.75,33.6,1022.3855712156914,1023.6627039625253,12.35,33.675,1023.0241375891082
,1.66,0.0,0.37,3.3,0.0,17.3,17.1,33.44,33.45,1024.139658230456,1024.2162481115004,17.200000000000003,33.445,1024.177953170978
,1.6,0.0,0.21,1.9,0.0,22.0,20.7,33.63,33.57,1023.0741043951192,1023.4039769735713,11.0,33.6,1023.2390406843452
,1.58,0.0,0.1,1.7,0.0,21.9,21.8,33.51,33.65,1023.012214414706,1023.1657951539681,10.95,33.58,1023.089004784337
,1.76,0.0,0.0,2.6,0.0,21.3,20.1,33.64,33.6,1023.2735025501499,1023.5847089373023,10.65,33.620000000000005,1023.429105743726
,1.83,0.0,0.0,2.4,0.0,21.0,21.0,33.62,33.61,1023.3395584735972,1023.3536525872552,10.5,33.614999999999995,1023.3466055304261
,1.58,0.0,0.11,2.5,0.0,20.4,20.4,33.55,33.58,1023.446861346196,1023.4909654717419,10.2,33.565,1023.468913408969
,1.78,0.0,0.0,2.2,0.0,21.2,20.5,33.67,33.62,1023.3230239454758,1023.4945148515734,10.6,33.644999999999996,1023.4087693985246
,1.61,0.0,0.0,2.1,0.0,21.1,20.9,33.64,33.63,1023.3275981909486,1023.3954602027857,10.55,33.635000000000005,1023.3615291968672
,1.61,0.0,0.0,2.2,0.0,20.0,19.7,33.7,33.68,1023.6641627708914,1023.7485994814369,10.0,33.69,1023.7063811261642
,1.45,0.0,0.18,3.6,0.0,17.8,17.2,33.54,33.56,1024.095781590732,1024.275907039118,17.5,33.55,1024.185844314925
,2.02,0.26,0.25,3.1,0.0,17.4,16.0,33.65,33.545,1024.274690960232,1024.5346405851153,16.35,33.54,1024.4405515068638
,4.76,0.0,0.26,4.1,0.0,15.6,14.8,33.53,33.53,1024.5971432664933,1024.7933741311126,15.2,33.53,1024.695258698803
,2.93,0.0,0.22,3.9,0.0,16.2,16.1,33.58,33.57,1024.5006108662226,1024.5376541975259,16.15,33.575,1024.5191325318742
,1.54,0.0,0.16,3.3,0.0,16.3,16.0,33.55,33.63,1024.4551203553435,1024.6057589756003,16.15,33.59,1024.530439665472
,1.5,0.0,0.2,2.8,0.0,15.7,15.7,33.51,33.59,1024.559767767388,1024.6425614678278,15.7,33.55,1024.601164617608
,1.92,0.0,0.22,2.9,0.0,15.7,15.399999999999999,33.6,33.6,1024.6281416512963,1024.7160948589026,15.424999999999999,33.565,1024.673030802948
,2.88,0.0,0.21,3.4,0.0,15.2,15.1,33.55,33.61,1024.7001657265987,1024.789628249977,15.149999999999999,33.58,1024.744896988288
,2.9,0.0,0.24,3.6,0.0,14.8,14.85,33.56,33.595,1024.7941262707704,1024.8318679670788,14.875,33.58,1024.8039726071659
,3.48,0.8,0.27,4.3,0.0,14.6,14.6,33.58,33.58,1024.8519887679065,1024.8741076841807,14.6,33.58,1024.8630482260437
,4.22,3.26,0.46,5.7,0.0,14.1,13.8,33.59,33.59,1024.9645472676502,1025.0485701177856,13.95,33.59,1025.006558692718
,5.44,0.0,0.17,3.5,0.0,14.7,14.5,33.59,33.59,1024.838342789936,1024.902914709529,14.6,33.59,1024.8706287497325
,2.47,0.0,0.32,2.9,0.0,14.7,14.35,33.48,33.545,1024.7545185854522,1024.9000663765225,14.425,33.542500000000004,1024.8712580931922
,4.11,0.0,0.27,3.9,0.0,14.5,14.35,33.485,33.545,1024.8005377076202,1024.9000663765225,14.425,33.542500000000004,1024.8712580931922
,7.96,0.0,0.26,4.1,0.0,14.3,14.2,33.49,33.5,1024.846556829788,1024.897218043516,14.25,33.495000000000005,1024.8718874366518
,3.23,0.0,0.2,2.6,0.0,14.8,14.8,33.48,33.52,1024.7331822275955,1024.7857564818823,14.8,33.5,1024.759469354739
,2.46,0.0,0.33,6.1,0.0,14.4,13.9,33.54,33.54,1024.8637304723943,1024.989850636937,14.15,33.54,1024.9267905546658
,1.84,0.37,0.26,5.5,0.0,14.7,14.1,33.58,33.56,1024.8307223318336,1024.9638103070367,14.399999999999999,33.57,1024.8972663194352
,4.37,0.6,0.29,9.5,0.0,14.7,14.6,33.57,33.55,1024.8231018889162,1024.8512404182932,14.649999999999999,33.56,1024.8371711536047
,5.85,0.0,0.16,5.1,0.0,14.9,13.4,33.54,33.62,1024.7574463861963,1025.1526671506638,14.15,33.58,1024.95505676843
,8.6,5.93,0.63,13.5,0.0,13.1,13.4,33.69,33.66,1025.2438910082496,1025.1832720750374,13.25,33.675,1025.2135815416436
,8.34,0.61,0.28,8.2,0.0,14.8,14.4,33.67,33.67,1024.8779259214425,1024.9850235050599,14.600000000000001,33.67,1024.9314747132512
,4.29,0.0,0.2,3.5,0.0,16.3,16.4,33.63,33.63,1024.5157875672219,1024.5148979313456,16.35,33.63,1024.5153427492837
,3.66,0.0,0.0,4.0,0.0,17.8,17.8,33.68,33.86,1024.2014788662332,1024.359203730432,17.8,33.769999999999996,1024.2803412983326
,6.45,0.37,0.21,7.3,0.0,16.6,15.8,33.73,33.72,1024.5227564062554,1024.7189951711912,16.200000000000003,33.724999999999994,1024.6208757887234
,1.93,2.16,0.22,8.8,0.0,16.6,11.9,33.69,33.7,1024.492449270636,1025.5048056000032,14.25,33.695,1024.9986274353196
,3.8,0.76,0.21,7.8,0.0,17.3,17.3,33.71,33.7,1024.3438009285333,1024.358111668063,17.3,33.705,1024.3509562982981
,4.59,0.0,0.0,5.2,0.0,17.8,17.7,33.73,33.73,1024.2392286838476,1024.2851809989072,17.75,33.73,1024.2622048413773
,3.91,0.0,0.14,5.8,0.0,18.2,18.2,33.75,33.76,1024.156968804201,1024.1863035487181,18.2,33.754999999999995,1024.1716361764595
,1.56,0.0,0.0,3.7,0.0,19.3,16.6,33.76,33.71,1023.8895610667737,1024.5295351134448,17.950000000000003,33.735,1024.2095480901094
,2.4,0.0,0.0,3.1,0.0,19.9,16.7,33.81,33.72,1023.7727259959618,1024.5139691355323,18.299999999999997,33.765,1024.143347565747
,4.31,0.0,0.1,2.4,0.0,19.4,19.3,33.74,33.75,1023.8490174979831,1023.9037473543764,9.7,33.745000000000005,1023.8763824261798
,1.4,0.0,0.0,2.5,0.0,20.3,18.4,33.7,33.7,1023.5856200418099,1024.0918582072245,19.35,33.7,1023.8387391245171
,1.32,0.0,0.15,2.4,0.0,20.7,19.9,33.68,33.67,1023.4647415057922,1023.689319418663,10.35,33.675,1023.5770304622276
,1.67,0.0,0.19,2.5,0.0,19.3,16.0,33.66,33.64,1023.8143873147675,1024.6133489438803,17.65,33.65,1024.2138681293238
,2.15,0.0,0.0,1.0,0.0,22.1,20.2,33.69,33.64,1023.0911119902319,1023.5885323371981,11.05,33.665,1023.339822163715
,0.89,0.0,0.15,1.3,0.0,22.1,22.0,33.67,33.67,1023.0761940030325,1023.1254470019231,11.05,33.67,1023.1008205024777
,1.37,0.0,0.13,1.5,0.0,23.4,20.5,33.69,33.61,1022.7228700439405,1023.4870233666396,11.7,33.65,1023.1049467052901
,1.51,0.0,0.0,0.0,0.0,22.7,21.6,33.65,33.61,1022.8930637788408,1023.1908611283053,11.35,33.629999999999995,1023.041962453573
,1.75,0.65,0.34,2.8,0.0,16.0,14.2,33.57,33.55,1024.5382288716887,1024.9353772767752,15.1,33.56,1024.7368030742318
,1.84,0.22,0.0,0.0,0.0,21.4,20.1,33.57,33.56,1023.1940183309148,1023.554709668061,10.7,33.565,1023.374363999488
,2.03,0.0,0.11,2.6,0.0,20.2,20.2,33.56,33.51,1023.5069114587599,1023.4910621901366,10.1,33.535,1023.4989868244483
,2.82,0.0,0.0,1.6,0.0,21.9,17.4,33.58,33.51,1023.0644540772736,1024.1907401664264,19.65,33.545,1023.6275971218499
,2.35,0.0,0.0,2.8,0.0,20.3,15.9,33.55,33.47,1023.4731795721641,1024.5067728565518,18.1,33.51,1023.989976214358
,2.07,0.0,0.12,3.0,0.0,20.4,20.0,33.5,33.5,1023.4093925645018,1023.5357733399048,10.2,33.5,1023.4725829522033
,4.84,0.0,0.36,5.6,0.0,17.4,16.3,33.49,33.49,1024.1537532883553,1024.4315872927027,16.85,33.49,1024.292670290529
,2.15,0.49,0.27,4.9,0.0,17.0,13.8,33.48,33.47,1024.2404840808222,1024.95687306504,15.4,33.474999999999994,1024.598678572931
,2.72,0.0,0.2,2.8,0.0,18.1,15.1,33.42,33.42,1023.932515994283,1024.645026786969,16.6,33.42,1024.2887713906262
,2.26,0.0,0.0,1.9,0.0,20.0,19.3,33.52,33.5,1023.5291210096761,1023.7158252510519,10.0,33.510000000000005,1023.622473130364
,4.86,0.49,0.17,2.1,0.0,18.8,16.9,33.42,33.41,1023.75988700076,1024.232762566093,17.85,33.415,1023.9963247834265
,1.01,0.36,0.18,1.3,0.0,19.0,16.8,33.57,33.48,1023.8226337697531,1024.3090151852134,17.9,33.525,1024.0658244774831
,3.43,0.35,0.16,1.8,0.0,18.0,16.8,33.55,33.5,1024.0549149697968,1024.3241583015138,17.4,33.525,1024.1895366356553
,1.81,0.24,0.14,1.6,0.0,18.6,18.1,33.58,33.56,1023.9301589514718,1024.0599268633446,18.35,33.57,1023.9950429074081
,2.14,0.62,0.15,1.7,0.0,18.2,17.7,33.56,33.55,1024.0136881102724,1024.1492501483542,17.95,33.555,1024.0814691293133
,11.26,0.37,0.18,2.3,0.0,17.7,17.2,33.52,33.52,1024.104751579109,1024.2456563867836,17.45,33.52,1024.1752039829462
,2.51,0.23,0.19,2.3,0.0,16.9,16.8,33.52,33.52,1024.2941117199928,1024.3393014823566,16.85,33.52,1024.3167066011747
,1.08,0.45,0.24,1.7,0.0,17.2,16.8,33.54,33.52,1024.238895632413,1024.3393014823566,17.0,33.53,1024.289098557385
,8.61,1.1,0.38,3.0,0.0,15.9,15.5,33.5,33.5,1024.5075468035734,1024.6184662407948,15.7,33.5,1024.563006522184
,1.97,1.13,0.32,2.2,0.0,15.9,15.9,33.53,33.53,1024.5303240986996,1024.552325153166,15.9,33.53,1024.5413246259327
,1.9,1.27,0.33,2.6,0.0,15.2,15.2,33.46,33.46,1024.6316881807238,1024.65375557589,15.2,33.46,1024.642721878307
,1.22,0.94,0.31,2.1,0.0,15.1,15.1,33.47,33.47,1024.6610029940148,1024.6830792663434,15.1,33.47,1024.672041130179
,0.98,0.79,0.31,1.7,0.0,15.3,15.0,33.45,33.45,1024.6022854272728,1024.6894762860263,15.15,33.45,1024.6458808566495
,1.54,0.53,0.34,2.1,0.0,15.0,14.9,33.48,33.48,1024.6902297029503,1024.7338470185377,14.95,33.48,1024.712038360744
,1.03,0.0,0.29,1.3,0.0,15.6,15.6,33.43,33.44,1024.521150361537,1024.5507810426388,15.6,33.435,1024.5359657020879
,2.48,0.88,0.38,2.7,0.0,14.8,14.6,33.47,33.47,1024.725564290628,1024.7902617082527,14.7,33.47,1024.7579129994404
,0.53,0.24,0.29,1.6,0.0,15.5,15.4,33.46,33.46,1024.566021404632,1024.6100516600025,15.45,33.46,1024.5880365323173
,1.41,0.52,0.33,2.7,0.0,15.2,15.2,33.48,33.48,1024.6469053054163,1024.6689719767194,15.2,33.48,1024.6579386410679
,1.14,0.2,0.27,2.1,0.0,16.0,15.1,33.49,33.49,1024.477507586087,1024.6983003654427,15.55,33.49,1024.587903975765
,1.81,0.48,0.28,1.8,0.0,15.1,14.8,33.51,33.505,1024.6914467031372,1024.7739208411763,15.075,33.505,1024.7025872926074
,3.38,0.0,0.22,3.6,0.0,14.7,14.5,33.52,33.52,1024.7849999019902,1024.8495413169098,14.6,33.52,1024.8172706094501
,1.82,1.23,0.26,3.4,0.0,15.0,14.8,33.47,33.48,1024.6826164594552,1024.7552860370981,14.9,33.474999999999994,1024.7189512482767
,4.97,0.7,0.18,2.4,0.0,15.5,15.3,33.52,33.52,1024.6116311271014,1024.677585238062,15.4,33.52,1024.6446081825816
,11.01,1.63,0.15,4.1,0.0,15.3,13.7,33.56,33.62,1024.6859545852903,1025.0919309351063,14.5,33.59,1024.8889427601985
,5.2,1.41,0.28,4.7,0.0,15.1,14.6,33.57,33.58,1024.7371127273057,1024.8741076841807,14.85,33.575,1024.805610205743
,4.57,1.26,0.22,4.0,0.0,16.2,15.8,33.46,33.48,1024.4095840238183,1024.5367270379843,16.0,33.47,1024.4731555309013
,2.79,0.0,0.2,4.2,0.0,17.1,14.3,33.55,33.56,1024.2700021206017,1024.9118024025006,15.225000000000001,33.542500000000004,1024.691009316101
,4.48,2.65,0.49,8.4,0.0,16.1,12.8,33.59,33.64,1024.5308484355844,1025.286877767017,14.450000000000001,33.615,1024.9088631013005
,8.12,1.7,0.33,13.2,0.0,14.6,14.2,33.73,33.72,1024.9663326129319,1025.065121467637,14.399999999999999,33.724999999999994,1025.0157270402844
,3.28,0.26,0.2,5.8,0.0,16.2,16.1,33.63,33.63,1024.538539391782,1024.5831799415585,16.15,33.63,1024.5608596666702
,3.14,1.18,0.26,3.9,0.0,17.6,16.3,33.68,33.68,1024.249599947363,1024.5754612906144,16.375,33.68,1024.5472706215087
,11.81,2.0,0.21,7.6,0.0,16.7,16.5,33.73,33.73,1024.4996205130237,1024.5677426396703,16.6,33.73,1024.5336815763471
,3.19,0.28,0.15,4.7,0.0,17.7,17.7,33.72,33.72,1024.2557922060046,1024.2776291438108,17.7,33.72,1024.2667106749077
,5.82,0.41,0.15,3.1,0.0,18.9,19.25,33.75,33.745000000000005,1023.9832277663219,1023.9023233771676,14.024999999999999,33.745000000000005,1023.8981427740141
,2.23,0.34,0.15,2.0,0.0,20.7,20.8,33.77,33.77,1023.5321321357166,1023.5270176105244,10.35,33.77,1023.5295748731205
,1.93,0.32,0.22,2.2,0.0,19.9,17.8,33.63,33.62,1023.6376427064055,1024.1780116066789,18.85,33.625,1023.9078271565422
,1.32,0.6,0.19,2.0,0.0,21.1,21.0,33.65,33.63,1023.3350775959397,1023.3686147709266,10.55,33.64,1023.351846183433
,2.3,0.0,0.18,4.9,0.0,18.3,17.3,33.61,33.59,1024.02686455362,1024.2749450347324,17.8,33.6,1024.1509047941763
,2.58,0.27,0.13,2.9,0.0,21.7,21.4,33.68,33.67,1023.1941865412662,1023.290293395483,10.85,33.675,1023.2422399683746
,4.95,0.27,0.1,2.9,0.0,20.7,19.8,33.65,33.62,1023.4422782861675,1023.6777163811327,10.35,33.635,1023.55999733365
,1.97,0.0,0.15,3.3,0.0,19.3,19.0,33.55,33.55,1023.7316981900777,1023.829321541456,9.65,33.55,1023.7805098657668
,4.56,0.0,0.0,0.0,0.0,22.1,20.1,33.62,33.57,1023.03889936005,1023.5622094588564,11.05,33.595,1023.3005544094532
,1.35,0.0,0.0,0.0,0.0,23.6,22.6,33.69,33.65,1022.665011473477,1022.942757870172,11.8,33.67,1022.8038846718246
,2.08,0.0,0.22,2.9,0.0,19.1,17.1,33.53,33.49,1023.7673338561859,1024.246507255755,18.1,33.510000000000005,1024.0069205559705
,1.32,0.0,0.0,0.0,0.0,23.6,20.6,33.64,33.55,1022.627866779829,1023.4155806299566,11.8,33.595,1023.0217237048928
,1.63,0.0,0.13,0.0,0.0,22.3,21.1,33.62,33.59,1022.9831660987304,1023.311770050901,11.15,33.605000000000004,1023.1474680748157
,1.0,0.0,0.0,0.0,0.0,23.6,21.7,33.68,33.62,1022.6575824963951,1023.1709066202446,11.8,33.65,1022.9142445583199
,1.18,0.0,0.12,0.0,0.0,24.7,23.7,33.63,33.61,1022.2966817857304,1022.5979263593416,12.35,33.620000000000005,1022.447304072536
,1.32,0.0,0.27,1.5,0.0,22.4,21.3,33.6,33.5,1022.9402716451207,1023.1904070760871,11.2,33.55,1023.065339360604
,0.95,0.0,0.26,2.1,0.0,21.6,21.4,33.51,33.5,1023.0946411428396,1023.1632561817227,10.8,33.504999999999995,1023.1289486622811
,14.01,0.0,0.17,2.5,0.0,22.1,19.9,33.51,33.47,1022.9568527780302,1023.5392389814168,11.05,33.489999999999995,1023.2480458797236
,7.19,0.26,0.32,2.4,0.0,20.1,17.2,33.54,33.45,1023.5180627377403,1024.192718373683,18.65,33.495000000000005,1023.8553905557117
,11.34,0.0,0.12,1.9,0.0,20.5,20.2,33.52,33.51,1023.3979838773346,1023.4910621901366,10.25,33.515,1023.4445230337355
,14.74,0.33,0.21,1.5,0.0,21.1,17.0,33.53,33.43,1023.2453259323595,1024.22455455184,19.05,33.480000000000004,1023.7349402420997
,1.3,0.28,0.2,1.5,0.0,20.2,18.7,33.61,33.51,1023.5444017654318,1023.8743392193521,19.45,33.56,1023.7093704923919
,2.45,0.37,0.21,1.8,0.0,20.1,19.8,33.61,33.6,1023.5705637800803,1023.6627039625253,10.05,33.605000000000004,1023.6166338713028
,6.35,0.25,0.27,2.4,0.0,17.7,17.7,33.57,33.57,1024.1425111139633,1024.164353310717,17.7,33.57,1024.1534322123402
,2.61,0.35,0.34,2.9,0.0,17.5,17.1,33.53,33.53,1024.1601813153752,1024.2767666603463,17.3,33.53,1024.2184739878608
,1.06,0.22,0.29,1.7,0.0,17.7,17.3,33.57,33.56,1024.1425111139633,1024.2522635701885,17.5,33.565,1024.197387342076
,1.6,0.9,0.38,1.6,0.0,15.6,15.6,33.48,33.47,1024.559146619409,1024.573577717069,15.6,33.474999999999994,1024.5663621682388
,1.35,1.55,0.47,2.5,0.14,15.7,15.8,33.49,33.48,1024.544573742922,1024.5367270379843,15.75,33.485,1024.5406503904533
,1.36,3.71,0.64,3.8,0.18,14.5,14.3,33.24,33.37,1024.6139143709188,1024.7771554847234,14.4,33.305,1024.695534927821
,1.18,2.36,0.47,3.6,0.0,15.0,14.8,33.46,33.45,1024.6750032312482,1024.732433363161,14.9,33.455,1024.7037182972044
,1.13,3.89,0.6,4.6,0.2,14.7,14.6,33.58,33.43,1024.8307223318336,1024.7597727159352,14.649999999999999,33.504999999999995,1024.7952475238844
,0.8,1.79,0.49,2.7,0.0,14.9,14.9,33.26,33.25,1024.5442131254194,1024.5587007088213,14.9,33.254999999999995,1024.5514569171205
,1.87,2.06,0.48,3.3,0.12,15.0,15.0,33.34,33.33,1024.5836456840136,1024.5981232767238,15.0,33.335,1024.5908844803687
,1.29,5.07,0.71,8.0,0.16,14.75,14.75,33.285,33.275,1024.5949677002206,1024.6094649184624,14.75,33.28,1024.6022163093417
,1.07,2.87,0.51,3.9,0.2,14.5,14.5,33.23,33.22,1024.6062897164277,1024.620806560201,14.5,33.224999999999994,1024.6135481383144
,1.55,0.54,0.32,1.2,0.0,13.8,13.9,33.08,33.22,1024.6366587008945,1024.7454090362364,13.850000000000001,33.15,1024.6910338685655
,2.03,1.56,0.38,2.2,0.0,14.5,13.9,33.28,33.26,1024.6444131387168,1024.77596352842,13.875,33.2275,1024.745136756479
,3.43,1.51,0.4,2.0,0.0,13.9,13.9,33.31,33.3,1024.7919612681815,1024.8065180206036,13.9,33.305,1024.7992396443924
,5.04,1.19,0.39,2.5,0.0,14.2,14.2,33.4,33.42,1024.7987373195351,1024.8361640466783,14.2,33.41,1024.8174506831067
,1.51,2.91,0.55,2.8,0.0,13.9,13.8,33.36,33.33,1024.8301567762544,1024.8498958524103,13.850000000000001,33.345,1024.8400263143324
,2.73,1.12,0.36,2.1,0.0,14.4,14.5,33.13,33.14,1024.551016306337,1024.559812905519,14.45,33.135000000000005,1024.555414605928
,2.24,1.81,0.46,1.8,0.0,14.5,14.2,33.21,33.21,1024.5910404523709,1024.6759018400355,14.35,33.21,1024.6334711462032
,1.9,0.3,0.23,1.2,0.0,15.1,14.9,32.76,32.85,1024.1206677753823,1024.2541175206932,15.0,32.805,1024.1873926480378
,8.15,0.37,0.75,2.7,0.0,14.7,14.5,33.12,33.14,1024.480197620876,1024.559812905519,14.6,33.129999999999995,1024.5200052631976
,2.99,1.06,0.95,5.0,0.0,14.45,13.65,33.334999999999994,33.385000000000005,1024.6967085098559,1024.9195124103353,14.05,33.36,1024.8081104600956
,52.39,0.0,1.17,16.6,0.0,14.2,12.8,33.55,33.63,1024.9132193988357,1025.2792119151518,13.5,33.59,1025.0962156569938
,128.39,0.0,0.64,1.0,0.0,14.4,14.3,33.66,33.64,1024.9552613403816,1024.9831503063049,14.350000000000001,33.65,1024.9692058233431
,6.29,0.0,0.71,1.9,0.0,15.9,15.9,33.58,33.58,1024.5682865717692,1024.5902858328564,15.9,33.58,1024.5792862023127
,9.46,0.0,1.04,4.7,0.0,15.9,15.8,33.62,33.62,1024.5986568335359,1024.643049016165,15.850000000000001,33.62,1024.6208529248504
,2.47,0.4,1.26,3.4,0.0,18.2,17.6,33.54,33.53,1023.9986062851614,1024.1581387447939,17.9,33.535,1024.0783725149777
,4.99,0.33,0.93,5.1,0.0,17.9,17.7,33.52,33.51,1024.0565247144777,1024.1190440224357,17.799999999999997,33.515,1024.0877843684566
,11.19,0.24,0.94,5.8,0.0,17.4,17.4,33.56,33.56,1024.206663002201,1024.2285311414341,17.4,33.56,1024.2175970718176
,1.21,0.31,0.92,1.9,0.0,17.9,17.9,33.52,33.52,1024.0565247144777,1024.0783517403981,17.9,33.52,1024.0674382274378
,2.14,0.58,0.99,2.9,0.0,17.3,13.8,33.49,33.43,1024.1774615329891,1024.9263078527317,15.55,33.46,1024.5518846928603
,1.91,0.72,0.96,3.8,0.0,17.2,17.3,33.46,33.46,1024.178392027274,1024.1766597530607,17.25,33.46,1024.1775258901673
,2.62,0.33,0.82,2.0,0.0,18.1,17.2,33.45,33.44,1023.955144729281,1024.1851558656242,17.65,33.445,1024.0701502974525
,3.64,0.0,0.78,2.1,0.0,19.4,14.6,33.47,33.45,1023.6461110244849,1024.7750171818905,17.0,33.46,1024.2105641031876
,5.58,0.21,0.78,0.0,0.0,18.3,15.3,33.47,33.44,1023.9213226314415,1024.6167381417797,16.8,33.455,1024.2690303866107
,1.74,0.27,0.82,1.3,0.0,20.0,19.9,33.46,33.46,1023.4841083580077,1023.5317351440519,10.0,33.46,1023.5079217510298
,1.87,0.38,0.78,1.3,0.0,22.3,21.6,33.49,33.48,1022.8862548596032,1023.0937693091824,11.15,33.485,1022.9900120843929
,3.54,0.0,0.87,1.7,0.0,21.1,20.8,33.48,33.47,1023.2079301754212,1023.3024603855957,10.55,33.474999999999994,1023.2551952805085
,0.94,0.23,0.77,1.1,0.0,22.1,21.9,33.49,33.47,1022.9419354585594,1023.0038763474702,11.05,33.480000000000004,1022.9729059030149
,1.66,0.0,0.1,1.4,0.0,23.4,18.3,33.55,33.38,1022.6188106886505,1023.8752743791565,20.85,33.465,1023.2470425339035
,1.34,0.0,0.11,1.6,0.0,21.4,20.2,33.48,33.42,1023.1267613041317,1023.4235846100931,10.7,33.45,1023.2751729571124
,0.99,0.0,0.17,1.6,0.0,17.2,16.5,33.13,33.12,1023.9288256640052,1024.1054701894598,16.85,33.125,1024.0171479267324
,1.42,0.0,0.14,2.6,0.0,19.6,18.0,33.14,33.15,1023.3471132793155,1023.7749478269502,18.8,33.144999999999996,1023.5610305531329
,4.97,0.0,0.0,2.8,0.0,20.6,18.6,33.21,33.2,1023.1393357243737,1023.6657257492583,19.6,33.205,1023.4025307368161
,13.71,0.31,0.0,2.1,0.0,21.4,19.6,33.2,33.2,1022.9175266418796,1023.4138720586137,10.7,33.2,1023.1656993502467
,8.81,0.23,0.0,0.0,0.0,22.2,20.1,33.28,33.26,1022.757551174536,1023.3297241447749,11.1,33.269999999999996,1023.0436376596555
,1.52,0.44,0.26,2.3,0.0,18.1,15.4,33.2,33.17,1023.7665765246637,1024.3895557174994,16.75,33.185,1024.0780661210815
,2.67,0.0,0.0,1.1,0.0,20.1,18.8,33.36,33.28,1023.3830640277821,1023.6762623146484,19.450000000000003,33.32,1023.5296631712152
,1.6,0.25,0.0,1.8,0.0,20.5,16.9,33.31,33.2,1023.2406630662316,1024.0738133917787,18.7,33.255,1023.6572382290051
,2.68,0.2,0.18,2.3,0.0,18.8,18.1,33.19,33.19,1023.5867558813161,1023.78085574316,18.450000000000003,33.19,1023.683805812238
,1.38,0.21,0.16,1.9,0.0,19.9,19.9,33.29,33.29,1023.3825009238687,1023.4041725901719,9.95,33.29,1023.3933367570203
,0.99,0.23,0.14,1.8,0.0,18.3,17.9,33.26,33.26,1023.763015924038,1023.8821327363175,18.1,33.26,1023.8225743301778
,1.03,0.51,0.33,3.0,0.0,16.7,16.3,33.18,33.17,1024.0830442778893,1024.1889430800547,16.5,33.175,1024.135993678972
,2.89,0.29,0.27,3.3,0.0,16.9,16.7,33.21,33.2,1024.059458479328,1024.120133290738,16.799999999999997,33.205,1024.089795885033
,1.27,0.2,0.27,2.9,0.0,17.6,17.6,33.23,33.22,1023.9096711638823,1023.9239805583594,17.6,33.224999999999994,1023.9168258611209
,3.25,0.13,0.26,2.4,0.11,17.1,17.4,33.25,33.24,1024.0430513469967,1023.9866759821907,17.25,33.245000000000005,1024.0148636645936
,3.04,0.0,0.24,2.9,0.0,17.1,16.9,33.25,33.25,1024.0430513469967,1024.1116577890634,17.0,33.25,1024.07735456803
,1.84,0.3,0.22,2.4,0.11,16.7,16.5,33.29,33.28,1024.1663556411143,1024.226716236735,16.6,33.285,1024.1965359389246
,1.78,0.0,0.24,2.6,0.0,16.7,16.6,33.28,33.27,1024.1587818008466,1024.1961878107923,16.65,33.275000000000006,1024.1774848058194
,2.23,0.0,0.24,1.7,0.0,17.1,17.0,33.24,33.24,1024.035486572541,1024.0807851729992,17.05,33.24,1024.05813587277
,3.04,0.24,0.23,2.4,0.0,16.5,16.25,33.21,33.24,1024.1517116722678,1024.2508117469188,16.25,33.24250000000001,1024.241358591541
,1.67,1.28,0.28,3.5,0.17,15.4,15.5,33.25,33.24,1024.4283242997851,1024.4208383208386,15.45,33.245000000000005,1024.4245813103119
,7.04,0.59,0.28,3.9,0.13,15.2,15.3,33.28,33.24,1024.4947368230999,1024.4646247151823,15.25,33.260000000000005,1024.479680769141
,3.81,0.0,0.18,1.7,0.0,15.7,15.700000000000001,33.17,33.144999999999996,1024.300457238551,1024.3038731317206,15.7,33.1575,1024.3021651851357
,1.38,0.47,0.27,2.4,0.0,16.2,16.1,33.06,33.05,1024.106177654002,1024.143121548259,16.15,33.055,1024.1246496011304
,1.37,0.78,0.29,2.4,0.0,15.2,15.600000000000001,33.1,33.01,1024.3577904274755,1024.2228466030065,15.649999999999999,33.015,1024.2045916091597
,2.1,0.32,0.28,3.3,0.1,15.2,15.1,32.98,32.97,1024.2664955766247,1024.3025716577538,15.149999999999999,32.974999999999994,1024.2845336171893
,2.24,0.25,0.31,3.4,0.0,15.5,15.2,32.9,32.96,1024.1403574944902,1024.2733214018263,15.299999999999999,32.957499999999996,1024.2385868682916
,11.34,0.0,0.22,3.6,0.0,15.6,15.3,32.93,32.95,1024.141209092889,1024.2440711458987,15.45,32.94,1024.192640119394
,2.45,0.0,0.22,4.3,0.0,16.4,16.3,32.87,32.86,1023.9168205729384,1023.9538969139752,16.35,32.864999999999995,1023.9353587434568
,2.75,0.0,0.22,4.3,0.0,15.7,16.1,33.02,32.96,1024.1875320919596,1024.0748413612785,15.9,32.99,1024.131186726619
,3.39,0.0,0.0,2.1,0.0,16.8,16.1,33.06,33.08,1023.9690867734985,1024.165881892104,16.450000000000003,33.07,1024.067484332801
,2.91,2.58,0.39,3.9,0.0,15.8,15.7,33.16,33.15,1024.2716935168235,1024.3083176659056,15.75,33.155,1024.2900055913647
,3.68,1.4,0.36,3.6,0.0,15.2,15.2,33.06,33.06,1024.3273585668537,1024.3494404433693,15.2,33.06,1024.3383995051115
,2.13,0.28,0.25,2.8,0.0,15.0,14.5,33.24,33.28,1024.507516071745,1024.6665524301784,14.75,33.260000000000005,1024.5870342509616
,1.39,0.81,0.29,4.2,0.0,15.9,15.5,33.26,33.29,1024.3253335261247,1024.4588428773532,15.7,33.275,1024.392088201739
,4.1,1.0,0.28,6.3,0.0,16.9,16.8,33.33,33.33,1024.1502901535912,1024.1954438674247,16.85,33.33,1024.172867010508
,4.03,0.99,0.22,8.1,0.0,17.9,17.6,33.37,33.37,1023.9433148259621,1024.0372809313963,17.75,33.37,1023.9902978786793
,3.22,0.85,0.3,6.2,0.0,17.4,17.4,33.48,33.46,1024.1461948234553,1024.1529496018406,17.4,33.47,1024.1495722126479
,3.39,0.45,0.25,4.9,0.0,17.9,17.9,33.48,33.47,1024.0263350451348,1024.0406164442718,17.9,33.474999999999994,1024.0334757447033
,7.82,0.0,0.17,5.2,0.0,18.3,16.4,33.54,33.55,1023.9740931799853,1024.4542517705918,17.35,33.545,1024.2141724752885
,17.3,0.0,0.2,9.4,0.0,18.0,17.4,33.64,33.61,1024.1228233472214,1024.266322527295,17.7,33.625,1024.1945729372583
,16.71,0.0,0.1,7.5,0.0,18.4,17.2,33.63,33.62,1024.0173220984418,1024.3212835079319,17.799999999999997,33.625,1024.1693028031868
